[2026-04-07 16:37:09Z INFO HostContext] No proxy settings were found based on environmental variables (http_proxy/https_proxy/HTTP_PROXY/HTTPS_PROXY)
[2026-04-07 16:37:09Z INFO HostContext] Well known directory 'Bin': 'C:\Users\7dnjf\Desktop\오픈소스\HW2\actions-runner\bin'
[2026-04-07 16:37:09Z INFO HostContext] Well known directory 'Root': 'C:\Users\7dnjf\Desktop\오픈소스\HW2\actions-runner'
[2026-04-07 16:37:09Z INFO HostContext] Well known config file 'Credentials': 'C:\Users\7dnjf\Desktop\오픈소스\HW2\actions-runner\.credentials'
[2026-04-07 16:37:09Z INFO HostContext] Well known directory 'Bin': 'C:\Users\7dnjf\Desktop\오픈소스\HW2\actions-runner\bin'
[2026-04-07 16:37:09Z INFO HostContext] Well known directory 'Root': 'C:\Users\7dnjf\Desktop\오픈소스\HW2\actions-runner'
[2026-04-07 16:37:09Z INFO HostContext] Well known config file 'Runner': 'C:\Users\7dnjf\Desktop\오픈소스\HW2\actions-runner\.runner'
[2026-04-07 16:37:09Z INFO Worker] Version: 2.333.1
[2026-04-07 16:37:09Z INFO Worker] Commit: 6792966801e8925346735b68c03bf9f347af4646
[2026-04-07 16:37:09Z INFO Worker] Culture: ko-KR
[2026-04-07 16:37:09Z INFO Worker] UI Culture: ko-KR
[2026-04-07 16:37:09Z INFO Worker] Waiting to receive the job message from the channel.
[2026-04-07 16:37:09Z INFO ProcessChannel] Receiving message of length 21530, with hash 'b2ca55b0268e92875ade8f59738cb20ecd9a3d98deff2e4fe379e2b940038148'
[2026-04-07 16:37:09Z INFO Worker] Message received.
[2026-04-07 16:37:09Z INFO Worker] Job message:
 {
  "fileTable": [
    ".github/workflows/ci.yml"
  ],
  "mask": [
    {
      "type": "regex",
      "value": "***"
    },
    {
      "type": "regex",
      "value": "***"
    },
    {
      "type": "regex",
      "value": "***"
    },
    {
      "type": "regex",
      "value": "***"
    },
    {
      "type": "regex",
      "value": "***"
    },
    {
      "type": "regex",
      "value": "***"
    },
    {
      "type": "regex",
      "value": "***"
    },
    {
      "type": "regex",
      "value": "***"
    },
    {
      "type": "regex",
      "value": "***"
    },
    {
      "type": "regex",
      "value": "***"
    },
    {
      "type": "regex",
      "value": "***"
    },
    {
      "type": "regex",
      "value": "***"
    },
    {
      "type": "regex",
      "value": "***"
    },
    {
      "type": "regex",
      "value": "***"
    },
    {
      "type": "regex",
      "value": "***"
    },
    {
      "type": "regex",
      "value": "***"
    },
    {
      "type": "regex",
      "value": "***"
    },
    {
      "type": "regex",
      "value": "***"
    }
  ],
  "steps": [
    {
      "type": "action",
      "reference": {
        "type": "repository",
        "name": "actions/checkout",
        "ref": "v4",
        "repositoryType": "GitHub"
      },
      "displayNameToken": {
        "type": 0,
        "file": 1,
        "line": 16,
        "col": 15,
        "lit": "Checkout Code"
      },
      "contextName": "__actions_checkout",
      "condition": "success()",
      "id": "b0d67e09-fc65-470b-8bab-0b8a7573d635",
      "name": "__actions_checkout"
    },
    {
      "type": "action",
      "reference": {
        "type": "repository",
        "name": "docker/setup-buildx-action",
        "ref": "v3",
        "repositoryType": "GitHub"
      },
      "displayNameToken": {
        "type": 0,
        "file": 1,
        "line": 19,
        "col": 15,
        "lit": "Set up Docker Buildx"
      },
      "contextName": "__docker_setup-buildx-action",
      "condition": "success()",
      "id": "56f2f2dc-341a-4071-906e-a59641dbabcf",
      "name": "__docker_setup-buildx-action"
    },
    {
      "type": "action",
      "reference": {
        "type": "repository",
        "name": "docker/login-action",
        "ref": "v3",
        "repositoryType": "GitHub"
      },
      "displayNameToken": {
        "type": 0,
        "file": 1,
        "line": 22,
        "col": 15,
        "lit": "Login to Docker Hub"
      },
      "contextName": "__docker_login-action",
      "inputs": {
        "type": 2,
        "file": 1,
        "line": 27,
        "col": 11,
        "map": [
          {
            "key": {
              "type": 0,
              "file": 1,
              "line": 27,
              "col": 11,
              "lit": "username"
            },
            "value": {
              "type": 3,
              "file": 1,
              "line": 27,
              "col": 21,
              "expr": "secrets.DOCKERHUB_USERNAME"
            }
          },
          {
            "key": {
              "type": 0,
              "file": 1,
              "line": 28,
              "col": 11,
              "lit": "password"
            },
            "value": {
              "type": 3,
              "file": 1,
              "line": 28,
              "col": 21,
              "expr": "secrets.DOCKERHUB_TOKEN"
            }
          }
        ]
      },
      "condition": "success() && (github.event_name != 'pull_request')",
      "id": "50d13276-2e5d-4491-a467-49ee6607a1ec",
      "name": "__docker_login-action"
    },
    {
      "type": "action",
      "reference": {
        "type": "repository",
        "name": "docker/build-push-action",
        "ref": "v5",
        "repositoryType": "GitHub"
      },
      "displayNameToken": {
        "type": 0,
        "file": 1,
        "line": 30,
        "col": 15,
        "lit": "Build and Push Docker Image"
      },
      "contextName": "__docker_build-push-action",
      "inputs": {
        "type": 2,
        "file": 1,
        "line": 33,
        "col": 11,
        "map": [
          {
            "key": {
              "type": 0,
              "file": 1,
              "line": 33,
              "col": 11,
              "lit": "context"
            },
            "value": {
              "type": 0,
              "file": 1,
              "line": 33,
              "col": 20,
              "lit": "."
            }
          },
          {
            "key": {
              "type": 0,
              "file": 1,
              "line": 34,
              "col": 11,
              "lit": "file"
            },
            "value": {
              "type": 0,
              "file": 1,
              "line": 34,
              "col": 17,
              "lit": "./Dockerfile"
            }
          },
          {
            "key": {
              "type": 0,
              "file": 1,
              "line": 36,
              "col": 11,
              "lit": "push"
            },
            "value": {
              "type": 3,
              "file": 1,
              "line": 36,
              "col": 17,
              "expr": "github.event_name != 'pull_request'"
            }
          },
          {
            "key": {
              "type": 0,
              "file": 1,
              "line": 37,
              "col": 11,
              "lit": "tags"
            },
            "value": {
              "type": 3,
              "file": 1,
              "line": 37,
              "col": 17,
              "expr": "format('{0}/waste-classifier-api:latest\n{1}/waste-classifier-api:{2}\n', secrets.DOCKERHUB_USERNAME, secrets.DOCKERHUB_USERNAME, github.sha)"
            }
          },
          {
            "key": {
              "type": 0,
              "file": 1,
              "line": 41,
              "col": 11,
              "lit": "cache-from"
            },
            "value": {
              "type": 3,
              "file": 1,
              "line": 41,
              "col": 23,
              "expr": "format('type=registry,ref={0}/waste-classifier-api:buildcache', secrets.DOCKERHUB_USERNAME)"
            }
          },
          {
            "key": {
              "type": 0,
              "file": 1,
              "line": 42,
              "col": 11,
              "lit": "cache-to"
            },
            "value": {
              "type": 3,
              "file": 1,
              "line": 42,
              "col": 21,
              "expr": "format('type=registry,ref={0}/waste-classifier-api:buildcache,mode=max', secrets.DOCKERHUB_USERNAME)"
            }
          }
        ]
      },
      "condition": "success()",
      "id": "c9766b4b-3be5-4a7a-9fe2-c3da0e49158d",
      "name": "__docker_build-push-action"
    }
  ],
  "variables": {
    "Actions.EnableHttpRedirects": {
      "value": "true"
    },
    "DOCKERHUB_TOKEN": {
      "value": "***",
      "isSecret": true
    },
    "DOCKERHUB_USERNAME": {
      "value": "***",
      "isSecret": true
    },
    "DistributedTask.AddWarningToNode12Action": {
      "value": "true"
    },
    "DistributedTask.AddWarningToNode16Action": {
      "value": "true"
    },
    "DistributedTask.AllowRunnerContainerHooks": {
      "value": "true"
    },
    "DistributedTask.DeprecateStepOutputCommands": {
      "value": "true"
    },
    "DistributedTask.DetailUntarFailure": {
      "value": "true"
    },
    "DistributedTask.EnableCompositeActions": {
      "value": "true"
    },
    "DistributedTask.EnableJobServerQueueTelemetry": {
      "value": "true"
    },
    "DistributedTask.EnhancedAnnotations": {
      "value": "true"
    },
    "DistributedTask.ForceGithubJavascriptActionsToNode16": {
      "value": "true"
    },
    "DistributedTask.ForceGithubJavascriptActionsToNode20": {
      "value": "true"
    },
    "DistributedTask.LogTemplateErrorsAsDebugMessages": {
      "value": "true"
    },
    "DistributedTask.MarkJobAsFailedOnWorkerCrash": {
      "value": "true"
    },
    "DistributedTask.NewActionMetadata": {
      "value": "true"
    },
    "DistributedTask.UploadStepSummary": {
      "value": "true"
    },
    "DistributedTask.UseActionArchiveCache": {
      "value": "true"
    },
    "DistributedTask.UseWhich2": {
      "value": "true"
    },
    "RunService.FixEmbeddedIssues": {
      "value": "true"
    },
    "actions.runner.requirenode24": {
      "value": "false"
    },
    "actions.runner.usenode24bydefault": {
      "value": "false"
    },
    "actions.runner.warnonnode20": {
      "value": "true"
    },
    "actions_add_check_run_id_to_job_context": {
      "value": "true"
    },
    "actions_batch_action_resolution": {
      "value": "false"
    },
    "actions_container_action_runner_temp": {
      "value": "true"
    },
    "actions_display_helpful_actions_download_errors": {
      "value": "true"
    },
    "actions_runner_compare_workflow_parser": {
      "value": "false"
    },
    "actions_runner_deprecate_linux_arm32": {
      "value": "false"
    },
    "actions_runner_emit_composite_markers": {
      "value": "false"
    },
    "actions_runner_kill_linux_arm32": {
      "value": "false"
    },
    "actions_runner_node20_removal_date": {
      "value": ""
    },
    "actions_runner_node24_default_date": {
      "value": ""
    },
    "actions_service_container_command": {
      "value": "true"
    },
    "actions_set_orchestration_id_env_for_actions": {
      "value": "true"
    },
    "actions_skip_retry_complete_job_upon_known_errors": {
      "value": "true"
    },
    "actions_snapshot_preflight_hosted_runner_check": {
      "value": "false"
    },
    "actions_snapshot_preflight_image_gen_pool_check": {
      "value": "false"
    },
    "actions_use_bearer_token_for_codeload": {
      "value": "false"
    },
    "actions_uses_cache_service_v2": {
      "value": "true"
    },
    "github_token": {
      "value": "***",
      "isSecret": true
    },
    "system.from_run_service": {
      "value": "true"
    },
    "system.github.job": {
      "value": "build-and-push"
    },
    "system.github.launch_endpoint": {
      "value": "https://launch.actions.githubusercontent.com"
    },
    "system.github.results_endpoint": {
      "value": "https://results-receiver.actions.githubusercontent.com/"
    },
    "system.github.results_upload_with_sdk": {
      "value": "true"
    },
    "system.github.token": {
      "value": "***",
      "isSecret": true
    },
    "system.github.token.permissions": {
      "value": "{\"Contents\":\"read\",\"Metadata\":\"read\",\"Packages\":\"read\"}"
    },
    "system.orchestrationId": {
      "value": "b1cfe245-2cfd-4faa-8ae1-6156476f9bb1.build-and-push.__default"
    },
    "system.phaseDisplayName": {
      "value": "build-and-push"
    },
    "system.runner.lowdiskspacethreshold": {
      "value": "100"
    },
    "system.runnerEnvironment": {
      "value": "self-hosted"
    },
    "system.runnerGroupName": {
      "value": "Default"
    }
  },
  "messageType": "RunnerJobRequest",
  "plan": {
    "scopeIdentifier": "00000000-0000-0000-0000-000000000000",
    "planType": "actions",
    "version": 0,
    "planId": "b1cfe245-2cfd-4faa-8ae1-6156476f9bb1",
    "planGroup": null,
    "artifactUri": null,
    "artifactLocation": null,
    "definition": null,
    "owner": null
  },
  "timeline": {
    "id": "b1cfe245-2cfd-4faa-8ae1-6156476f9bb1",
    "changeId": 0,
    "location": null
  },
  "jobId": "eb4ca358-d25c-5ffd-918f-2bdc8d30ca9c",
  "jobDisplayName": "build-and-push",
  "jobName": "__default",
  "requestId": 0,
  "lockedUntil": "0001-01-01T00:00:00",
  "resources": {
    "endpoints": [
      {
        "data": {
          "ServerId": "",
          "ServerName": "",
          "CacheServerUrl": "https://artifactcache.actions.githubusercontent.com/vANgRD29zdWuBfzcBFLPvXYjDLkVAB5groQ267D0rPnWKbAcA5/",
          "FeedStreamUrl": "wss://results-receiver.actions.githubusercontent.com/_ws/ingest.sock",
          "ResultsServiceUrl": "https://results-receiver.actions.githubusercontent.com/",
          "PipelinesServiceUrl": "https://pipelinesghubeus26.actions.githubusercontent.com/vANgRD29zdWuBfzcBFLPvXYjDLkVAB5groQ267D0rPnWKbAcA5/",
          "GenerateIdTokenUrl": "",
          "ConnectivityChecks": "[\"https://broker.actions.githubusercontent.com/health\",\"https://token.actions.githubusercontent.com/ready\",\"https://run.actions.githubusercontent.com/health\"]"
        },
        "name": "SystemVssConnection",
        "url": "https://run-actions-1-azure-eastus.actions.githubusercontent.com/55/",
        "authorization": {
          "parameters": {
            "AccessToken": "***"
          },
          "scheme": "OAuth"
        },
        "isShared": false,
        "isReady": true
      }
    ]
  },
  "contextData": {
    "github": {
      "t": 2,
      "d": [
        {
          "k": "ref",
          "v": "refs/heads/main"
        },
        {
          "k": "sha",
          "v": "50af30fd2c5c9a71d22f0956b1034c4d0061a14d"
        },
        {
          "k": "repository",
          "v": "7dnjf1/HW2"
        },
        {
          "k": "repository_owner",
          "v": "7dnjf1"
        },
        {
          "k": "repository_owner_id",
          "v": "267967325"
        },
        {
          "k": "repositoryUrl",
          "v": "git://github.com/7dnjf1/HW2.git"
        },
        {
          "k": "run_id",
          "v": "24092868051"
        },
        {
          "k": "run_number",
          "v": "2"
        },
        {
          "k": "retention_days",
          "v": "90"
        },
        {
          "k": "run_attempt",
          "v": "1"
        },
        {
          "k": "artifact_cache_size_limit",
          "v": "10"
        },
        {
          "k": "repository_visibility",
          "v": "public"
        },
        {
          "k": "actor_id",
          "v": "267967325"
        },
        {
          "k": "actor",
          "v": "7dnjf1"
        },
        {
          "k": "workflow",
          "v": "Build and Push Docker Image"
        },
        {
          "k": "head_ref",
          "v": ""
        },
        {
          "k": "base_ref",
          "v": ""
        },
        {
          "k": "event_name",
          "v": "push"
        },
        {
          "k": "server_url",
          "v": "https://github.com"
        },
        {
          "k": "api_url",
          "v": "https://api.github.com"
        },
        {
          "k": "graphql_url",
          "v": "https://api.github.com/graphql"
        },
        {
          "k": "ref_name",
          "v": "main"
        },
        {
          "k": "ref_protected",
          "v": false
        },
        {
          "k": "ref_type",
          "v": "branch"
        },
        {
          "k": "secret_source",
          "v": "Actions"
        },
        {
          "k": "event",
          "v": {
            "t": 2,
            "d": [
              {
                "k": "after",
                "v": "50af30fd2c5c9a71d22f0956b1034c4d0061a14d"
              },
              {
                "k": "base_ref",
                "v": null
              },
              {
                "k": "before",
                "v": "d7d231a4362bb6cd6ac707533170283ae00ec329"
              },
              {
                "k": "commits",
                "v": {
                  "t": 1,
                  "a": [
                    {
                      "t": 2,
                      "d": [
                        {
                          "k": "author",
                          "v": {
                            "t": 2,
                            "d": [
                              {
                                "k": "email",
                                "v": "7dnjf1@khu.ac.kr"
                              },
                              {
                                "k": "name",
                                "v": "7dnjf1"
                              },
                              {
                                "k": "username",
                                "v": "7dnjf1"
                              }
                            ]
                          }
                        },
                        {
                          "k": "committer",
                          "v": {
                            "t": 2,
                            "d": [
                              {
                                "k": "email",
                                "v": "7dnjf1@khu.ac.kr"
                              },
                              {
                                "k": "name",
                                "v": "7dnjf1"
                              },
                              {
                                "k": "username",
                                "v": "7dnjf1"
                              }
                            ]
                          }
                        },
                        {
                          "k": "distinct",
                          "v": true
                        },
                        {
                          "k": "id",
                          "v": "50af30fd2c5c9a71d22f0956b1034c4d0061a14d"
                        },
                        {
                          "k": "message",
                          "v": "chore: change runs-on to self-hosted"
                        },
                        {
                          "k": "timestamp",
                          "v": "2026-04-08T01:35:16+09:00"
                        },
                        {
                          "k": "tree_id",
                          "v": "51ceb1275c7cfc32163f8fe6d87f4b81d9d58801"
                        },
                        {
                          "k": "url",
                          "v": "https://github.com/7dnjf1/HW2/commit/50af30fd2c5c9a71d22f0956b1034c4d0061a14d"
                        }
                      ]
                    }
                  ]
                }
              },
              {
                "k": "compare",
                "v": "https://github.com/7dnjf1/HW2/compare/d7d231a4362b...50af30fd2c5c"
              },
              {
                "k": "created",
                "v": false
              },
              {
                "k": "deleted",
                "v": false
              },
              {
                "k": "forced",
                "v": false
              },
              {
                "k": "head_commit",
                "v": {
                  "t": 2,
                  "d": [
                    {
                      "k": "author",
                      "v": {
                        "t": 2,
                        "d": [
                          {
                            "k": "email",
                            "v": "7dnjf1@khu.ac.kr"
                          },
                          {
                            "k": "name",
                            "v": "7dnjf1"
                          },
                          {
                            "k": "username",
                            "v": "7dnjf1"
                          }
                        ]
                      }
                    },
                    {
                      "k": "committer",
                      "v": {
                        "t": 2,
                        "d": [
                          {
                            "k": "email",
                            "v": "7dnjf1@khu.ac.kr"
                          },
                          {
                            "k": "name",
                            "v": "7dnjf1"
                          },
                          {
                            "k": "username",
                            "v": "7dnjf1"
                          }
                        ]
                      }
                    },
                    {
                      "k": "distinct",
                      "v": true
                    },
                    {
                      "k": "id",
                      "v": "50af30fd2c5c9a71d22f0956b1034c4d0061a14d"
                    },
                    {
                      "k": "message",
                      "v": "chore: change runs-on to self-hosted"
                    },
                    {
                      "k": "timestamp",
                      "v": "2026-04-08T01:35:16+09:00"
                    },
                    {
                      "k": "tree_id",
                      "v": "51ceb1275c7cfc32163f8fe6d87f4b81d9d58801"
                    },
                    {
                      "k": "url",
                      "v": "https://github.com/7dnjf1/HW2/commit/50af30fd2c5c9a71d22f0956b1034c4d0061a14d"
                    }
                  ]
                }
              },
              {
                "k": "pusher",
                "v": {
                  "t": 2,
                  "d": [
                    {
                      "k": "email",
                      "v": "7dnjf1@khu.ac.kr"
                    },
                    {
                      "k": "name",
                      "v": "7dnjf1"
                    }
                  ]
                }
              },
              {
                "k": "ref",
                "v": "refs/heads/main"
              },
              {
                "k": "repository",
                "v": {
                  "t": 2,
                  "d": [
                    {
                      "k": "allow_forking",
                      "v": true
                    },
                    {
                      "k": "archive_url",
                      "v": "https://api.github.com/repos/7dnjf1/HW2/{archive_format}{/ref}"
                    },
                    {
                      "k": "archived",
                      "v": false
                    },
                    {
                      "k": "assignees_url",
                      "v": "https://api.github.com/repos/7dnjf1/HW2/assignees{/user}"
                    },
                    {
                      "k": "blobs_url",
                      "v": "https://api.github.com/repos/7dnjf1/HW2/git/blobs{/sha}"
                    },
                    {
                      "k": "branches_url",
                      "v": "https://api.github.com/repos/7dnjf1/HW2/branches{/branch}"
                    },
                    {
                      "k": "clone_url",
                      "v": "https://github.com/7dnjf1/HW2.git"
                    },
                    {
                      "k": "collaborators_url",
                      "v": "https://api.github.com/repos/7dnjf1/HW2/collaborators{/collaborator}"
                    },
                    {
                      "k": "comments_url",
                      "v": "https://api.github.com/repos/7dnjf1/HW2/comments{/number}"
                    },
                    {
                      "k": "commits_url",
                      "v": "https://api.github.com/repos/7dnjf1/HW2/commits{/sha}"
                    },
                    {
                      "k": "compare_url",
                      "v": "https://api.github.com/repos/7dnjf1/HW2/compare/{base}...{head}"
                    },
                    {
                      "k": "contents_url",
                      "v": "https://api.github.com/repos/7dnjf1/HW2/contents/{+path}"
                    },
                    {
                      "k": "contributors_url",
                      "v": "https://api.github.com/repos/7dnjf1/HW2/contributors"
                    },
                    {
                      "k": "created_at",
                      "v": 1774944980.0
                    },
                    {
                      "k": "default_branch",
                      "v": "main"
                    },
                    {
                      "k": "deployments_url",
                      "v": "https://api.github.com/repos/7dnjf1/HW2/deployments"
                    },
                    {
                      "k": "description",
                      "v": null
                    },
                    {
                      "k": "disabled",
                      "v": false
                    },
                    {
                      "k": "downloads_url",
                      "v": "https://api.github.com/repos/7dnjf1/HW2/downloads"
                    },
                    {
                      "k": "events_url",
                      "v": "https://api.github.com/repos/7dnjf1/HW2/events"
                    },
                    {
                      "k": "fork",
                      "v": false
                    },
                    {
                      "k": "forks",
                      "v": 0.0
                    },
                    {
                      "k": "forks_count",
                      "v": 0.0
                    },
                    {
                      "k": "forks_url",
                      "v": "https://api.github.com/repos/7dnjf1/HW2/forks"
                    },
                    {
                      "k": "full_name",
                      "v": "7dnjf1/HW2"
                    },
                    {
                      "k": "git_commits_url",
                      "v": "https://api.github.com/repos/7dnjf1/HW2/git/commits{/sha}"
                    },
                    {
                      "k": "git_refs_url",
                      "v": "https://api.github.com/repos/7dnjf1/HW2/git/refs{/sha}"
                    },
                    {
                      "k": "git_tags_url",
                      "v": "https://api.github.com/repos/7dnjf1/HW2/git/tags{/sha}"
                    },
                    {
                      "k": "git_url",
                      "v": "git://github.com/7dnjf1/HW2.git"
                    },
                    {
                      "k": "has_discussions",
                      "v": false
                    },
                    {
                      "k": "has_downloads",
                      "v": true
                    },
                    {
                      "k": "has_issues",
                      "v": true
                    },
                    {
                      "k": "has_pages",
                      "v": false
                    },
                    {
                      "k": "has_projects",
                      "v": true
                    },
                    {
                      "k": "has_pull_requests",
                      "v": true
                    },
                    {
                      "k": "has_wiki",
                      "v": true
                    },
                    {
                      "k": "homepage",
                      "v": null
                    },
                    {
                      "k": "hooks_url",
                      "v": "https://api.github.com/repos/7dnjf1/HW2/hooks"
                    },
                    {
                      "k": "html_url",
                      "v": "https://github.com/7dnjf1/HW2"
                    },
                    {
                      "k": "id",
                      "v": 1196985026.0
                    },
                    {
                      "k": "is_template",
                      "v": false
                    },
                    {
                      "k": "issue_comment_url",
                      "v": "https://api.github.com/repos/7dnjf1/HW2/issues/comments{/number}"
                    },
                    {
                      "k": "issue_events_url",
                      "v": "https://api.github.com/repos/7dnjf1/HW2/issues/events{/number}"
                    },
                    {
                      "k": "issues_url",
                      "v": "https://api.github.com/repos/7dnjf1/HW2/issues{/number}"
                    },
                    {
                      "k": "keys_url",
                      "v": "https://api.github.com/repos/7dnjf1/HW2/keys{/key_id}"
                    },
                    {
                      "k": "labels_url",
                      "v": "https://api.github.com/repos/7dnjf1/HW2/labels{/name}"
                    },
                    {
                      "k": "language",
                      "v": "Python"
                    },
                    {
                      "k": "languages_url",
                      "v": "https://api.github.com/repos/7dnjf1/HW2/languages"
                    },
                    {
                      "k": "license",
                      "v": null
                    },
                    {
                      "k": "master_branch",
                      "v": "main"
                    },
                    {
                      "k": "merges_url",
                      "v": "https://api.github.com/repos/7dnjf1/HW2/merges"
                    },
                    {
                      "k": "milestones_url",
                      "v": "https://api.github.com/repos/7dnjf1/HW2/milestones{/number}"
                    },
                    {
                      "k": "mirror_url",
                      "v": null
                    },
                    {
                      "k": "name",
                      "v": "HW2"
                    },
                    {
                      "k": "node_id",
                      "v": "R_kgDOR1iKwg"
                    },
                    {
                      "k": "notifications_url",
                      "v": "https://api.github.com/repos/7dnjf1/HW2/notifications{?since,all,participating}"
                    },
                    {
                      "k": "open_issues",
                      "v": 0.0
                    },
                    {
                      "k": "open_issues_count",
                      "v": 0.0
                    },
                    {
                      "k": "owner",
                      "v": {
                        "t": 2,
                        "d": [
                          {
                            "k": "avatar_url",
                            "v": "https://avatars.githubusercontent.com/u/267967325?v=4"
                          },
                          {
                            "k": "email",
                            "v": "7dnjf1@khu.ac.kr"
                          },
                          {
                            "k": "events_url",
                            "v": "https://api.github.com/users/7dnjf1/events{/privacy}"
                          },
                          {
                            "k": "followers_url",
                            "v": "https://api.github.com/users/7dnjf1/followers"
                          },
                          {
                            "k": "following_url",
                            "v": "https://api.github.com/users/7dnjf1/following{/other_user}"
                          },
                          {
                            "k": "gists_url",
                            "v": "https://api.github.com/users/7dnjf1/gists{/gist_id}"
                          },
                          {
                            "k": "gravatar_id",
                            "v": ""
                          },
                          {
                            "k": "html_url",
                            "v": "https://github.com/7dnjf1"
                          },
                          {
                            "k": "id",
                            "v": 267967325.0
                          },
                          {
                            "k": "login",
                            "v": "7dnjf1"
                          },
                          {
                            "k": "name",
                            "v": "7dnjf1"
                          },
                          {
                            "k": "node_id",
                            "v": "U_kgDOD_jbXQ"
                          },
                          {
                            "k": "organizations_url",
                            "v": "https://api.github.com/users/7dnjf1/orgs"
                          },
                          {
                            "k": "received_events_url",
                            "v": "https://api.github.com/users/7dnjf1/received_events"
                          },
                          {
                            "k": "repos_url",
                            "v": "https://api.github.com/users/7dnjf1/repos"
                          },
                          {
                            "k": "site_admin",
                            "v": false
                          },
                          {
                            "k": "starred_url",
                            "v": "https://api.github.com/users/7dnjf1/starred{/owner}{/repo}"
                          },
                          {
                            "k": "subscriptions_url",
                            "v": "https://api.github.com/users/7dnjf1/subscriptions"
                          },
                          {
                            "k": "type",
                            "v": "User"
                          },
                          {
                            "k": "url",
                            "v": "https://api.github.com/users/7dnjf1"
                          },
                          {
                            "k": "user_view_type",
                            "v": "public"
                          }
                        ]
                      }
                    },
                    {
                      "k": "private",
                      "v": false
                    },
                    {
                      "k": "pull_request_creation_policy",
                      "v": "all"
                    },
                    {
                      "k": "pulls_url",
                      "v": "https://api.github.com/repos/7dnjf1/HW2/pulls{/number}"
                    },
                    {
                      "k": "pushed_at",
                      "v": 1775579819.0
                    },
                    {
                      "k": "releases_url",
                      "v": "https://api.github.com/repos/7dnjf1/HW2/releases{/id}"
                    },
                    {
                      "k": "size",
                      "v": 24.0
                    },
                    {
                      "k": "ssh_url",
                      "v": "git@github.com:7dnjf1/HW2.git"
                    },
                    {
                      "k": "stargazers",
                      "v": 0.0
                    },
                    {
                      "k": "stargazers_count",
                      "v": 0.0
                    },
                    {
                      "k": "stargazers_url",
                      "v": "https://api.github.com/repos/7dnjf1/HW2/stargazers"
                    },
                    {
                      "k": "statuses_url",
                      "v": "https://api.github.com/repos/7dnjf1/HW2/statuses/{sha}"
                    },
                    {
                      "k": "subscribers_url",
                      "v": "https://api.github.com/repos/7dnjf1/HW2/subscribers"
                    },
                    {
                      "k": "subscription_url",
                      "v": "https://api.github.com/repos/7dnjf1/HW2/subscription"
                    },
                    {
                      "k": "svn_url",
                      "v": "https://github.com/7dnjf1/HW2"
                    },
                    {
                      "k": "tags_url",
                      "v": "https://api.github.com/repos/7dnjf1/HW2/tags"
                    },
                    {
                      "k": "teams_url",
                      "v": "https://api.github.com/repos/7dnjf1/HW2/teams"
                    },
                    {
                      "k": "topics",
                      "v": {
                        "t": 1
                      }
                    },
                    {
                      "k": "trees_url",
                      "v": "https://api.github.com/repos/7dnjf1/HW2/git/trees{/sha}"
                    },
                    {
                      "k": "updated_at",
                      "v": "2026-04-07T15:16:41Z"
                    },
                    {
                      "k": "url",
                      "v": "https://api.github.com/repos/7dnjf1/HW2"
                    },
                    {
                      "k": "visibility",
                      "v": "public"
                    },
                    {
                      "k": "watchers",
                      "v": 0.0
                    },
                    {
                      "k": "watchers_count",
                      "v": 0.0
                    },
                    {
                      "k": "web_commit_signoff_required",
                      "v": false
                    }
                  ]
                }
              },
              {
                "k": "sender",
                "v": {
                  "t": 2,
                  "d": [
                    {
                      "k": "avatar_url",
                      "v": "https://avatars.githubusercontent.com/u/267967325?v=4"
                    },
                    {
                      "k": "events_url",
                      "v": "https://api.github.com/users/7dnjf1/events{/privacy}"
                    },
                    {
                      "k": "followers_url",
                      "v": "https://api.github.com/users/7dnjf1/followers"
                    },
                    {
                      "k": "following_url",
                      "v": "https://api.github.com/users/7dnjf1/following{/other_user}"
                    },
                    {
                      "k": "gists_url",
                      "v": "https://api.github.com/users/7dnjf1/gists{/gist_id}"
                    },
                    {
                      "k": "gravatar_id",
                      "v": ""
                    },
                    {
                      "k": "html_url",
                      "v": "https://github.com/7dnjf1"
                    },
                    {
                      "k": "id",
                      "v": 267967325.0
                    },
                    {
                      "k": "login",
                      "v": "7dnjf1"
                    },
                    {
                      "k": "node_id",
                      "v": "U_kgDOD_jbXQ"
                    },
                    {
                      "k": "organizations_url",
                      "v": "https://api.github.com/users/7dnjf1/orgs"
                    },
                    {
                      "k": "received_events_url",
                      "v": "https://api.github.com/users/7dnjf1/received_events"
                    },
                    {
                      "k": "repos_url",
                      "v": "https://api.github.com/users/7dnjf1/repos"
                    },
                    {
                      "k": "site_admin",
                      "v": false
                    },
                    {
                      "k": "starred_url",
                      "v": "https://api.github.com/users/7dnjf1/starred{/owner}{/repo}"
                    },
                    {
                      "k": "subscriptions_url",
                      "v": "https://api.github.com/users/7dnjf1/subscriptions"
                    },
                    {
                      "k": "type",
                      "v": "User"
                    },
                    {
                      "k": "url",
                      "v": "https://api.github.com/users/7dnjf1"
                    },
                    {
                      "k": "user_view_type",
                      "v": "public"
                    }
                  ]
                }
              }
            ]
          }
        },
        {
          "k": "workflow_ref",
          "v": "7dnjf1/HW2/.github/workflows/ci.yml@refs/heads/main"
        },
        {
          "k": "workflow_sha",
          "v": "50af30fd2c5c9a71d22f0956b1034c4d0061a14d"
        },
        {
          "k": "repository_id",
          "v": "1196985026"
        },
        {
          "k": "triggering_actor",
          "v": "7dnjf1"
        }
      ]
    },
    "inputs": {
      "t": 2
    },
    "job": {
      "t": 2,
      "d": [
        {
          "k": "check_run_id",
          "v": 70283663259.0
        }
      ]
    },
    "matrix": null,
    "needs": {
      "t": 2
    },
    "strategy": {
      "t": 2,
      "d": [
        {
          "k": "fail-fast",
          "v": true
        },
        {
          "k": "job-index",
          "v": 0.0
        },
        {
          "k": "job-total",
          "v": 1.0
        },
        {
          "k": "max-parallel",
          "v": 1.0
        }
      ]
    },
    "vars": {
      "t": 2
    }
  },
  "billingOwnerId": "U_kgDOD_jbXQ"
}
[2026-04-07 16:37:09Z INFO JobRunner] Job ID eb4ca358-d25c-5ffd-918f-2bdc8d30ca9c
[2026-04-07 16:37:09Z INFO ConfigurationStore] currentAssemblyLocation: C:\Users\7dnjf\Desktop\오픈소스\HW2\actions-runner\bin\Runner.Worker.dll
[2026-04-07 16:37:09Z INFO HostContext] Well known directory 'Bin': 'C:\Users\7dnjf\Desktop\오픈소스\HW2\actions-runner\bin'
[2026-04-07 16:37:09Z INFO ConfigurationStore] binPath: C:\Users\7dnjf\Desktop\오픈소스\HW2\actions-runner\bin
[2026-04-07 16:37:09Z INFO HostContext] Well known directory 'Bin': 'C:\Users\7dnjf\Desktop\오픈소스\HW2\actions-runner\bin'
[2026-04-07 16:37:09Z INFO HostContext] Well known directory 'Root': 'C:\Users\7dnjf\Desktop\오픈소스\HW2\actions-runner'
[2026-04-07 16:37:09Z INFO ConfigurationStore] RootFolder: C:\Users\7dnjf\Desktop\오픈소스\HW2\actions-runner
[2026-04-07 16:37:09Z INFO HostContext] Well known directory 'Bin': 'C:\Users\7dnjf\Desktop\오픈소스\HW2\actions-runner\bin'
[2026-04-07 16:37:09Z INFO HostContext] Well known directory 'Root': 'C:\Users\7dnjf\Desktop\오픈소스\HW2\actions-runner'
[2026-04-07 16:37:09Z INFO HostContext] Well known config file 'Runner': 'C:\Users\7dnjf\Desktop\오픈소스\HW2\actions-runner\.runner'
[2026-04-07 16:37:09Z INFO ConfigurationStore] ConfigFilePath: C:\Users\7dnjf\Desktop\오픈소스\HW2\actions-runner\.runner
[2026-04-07 16:37:09Z INFO HostContext] Well known directory 'Bin': 'C:\Users\7dnjf\Desktop\오픈소스\HW2\actions-runner\bin'
[2026-04-07 16:37:09Z INFO HostContext] Well known directory 'Root': 'C:\Users\7dnjf\Desktop\오픈소스\HW2\actions-runner'
[2026-04-07 16:37:09Z INFO HostContext] Well known config file 'MigratedRunner': 'C:\Users\7dnjf\Desktop\오픈소스\HW2\actions-runner\.runner_migrated'
[2026-04-07 16:37:09Z INFO ConfigurationStore] MigratedConfigFilePath: C:\Users\7dnjf\Desktop\오픈소스\HW2\actions-runner\.runner_migrated
[2026-04-07 16:37:09Z INFO HostContext] Well known directory 'Bin': 'C:\Users\7dnjf\Desktop\오픈소스\HW2\actions-runner\bin'
[2026-04-07 16:37:09Z INFO HostContext] Well known directory 'Root': 'C:\Users\7dnjf\Desktop\오픈소스\HW2\actions-runner'
[2026-04-07 16:37:09Z INFO HostContext] Well known config file 'Credentials': 'C:\Users\7dnjf\Desktop\오픈소스\HW2\actions-runner\.credentials'
[2026-04-07 16:37:09Z INFO ConfigurationStore] CredFilePath: C:\Users\7dnjf\Desktop\오픈소스\HW2\actions-runner\.credentials
[2026-04-07 16:37:09Z INFO HostContext] Well known directory 'Bin': 'C:\Users\7dnjf\Desktop\오픈소스\HW2\actions-runner\bin'
[2026-04-07 16:37:09Z INFO HostContext] Well known directory 'Root': 'C:\Users\7dnjf\Desktop\오픈소스\HW2\actions-runner'
[2026-04-07 16:37:09Z INFO HostContext] Well known config file 'MigratedCredentials': 'C:\Users\7dnjf\Desktop\오픈소스\HW2\actions-runner\.credentials_migrated'
[2026-04-07 16:37:09Z INFO ConfigurationStore] MigratedCredFilePath: C:\Users\7dnjf\Desktop\오픈소스\HW2\actions-runner\.credentials_migrated
[2026-04-07 16:37:09Z INFO HostContext] Well known directory 'Bin': 'C:\Users\7dnjf\Desktop\오픈소스\HW2\actions-runner\bin'
[2026-04-07 16:37:09Z INFO HostContext] Well known directory 'Root': 'C:\Users\7dnjf\Desktop\오픈소스\HW2\actions-runner'
[2026-04-07 16:37:09Z INFO HostContext] Well known config file 'Service': 'C:\Users\7dnjf\Desktop\오픈소스\HW2\actions-runner\.service'
[2026-04-07 16:37:09Z INFO ConfigurationStore] ServiceConfigFilePath: C:\Users\7dnjf\Desktop\오픈소스\HW2\actions-runner\.service
[2026-04-07 16:37:09Z INFO ConfigurationStore] Read setting file: 389 chars
[2026-04-07 16:37:09Z INFO JobRunner] Initializing launch client
[2026-04-07 16:37:09Z INFO JobServerQueue] Initializing results client
[2026-04-07 16:37:09Z INFO ResultServer] Creating websocket client ...wss://results-receiver.actions.githubusercontent.com/_ws/ingest.sock
[2026-04-07 16:37:09Z INFO ResultServer] Attempting to start websocket client with delay 00:00:00.
[2026-04-07 16:37:09Z INFO JobServerQueue] Start process web console line queue.
[2026-04-07 16:37:09Z INFO JobServerQueue] Start process file upload queue.
[2026-04-07 16:37:09Z INFO JobServerQueue] Start results file upload queue.
[2026-04-07 16:37:09Z INFO JobServerQueue] Starting results-based upload queue...
[2026-04-07 16:37:09Z INFO JobServerQueue] Start process timeline update queue.
[2026-04-07 16:37:09Z INFO ExecutionContext] Initializing Job context
[2026-04-07 16:37:09Z INFO ExecutionContext] Initialize GitHub context
[2026-04-07 16:37:09Z INFO ExecutionContext] Initialize Env context
[2026-04-07 16:37:09Z INFO HostContext] Well known directory 'Bin': 'C:\Users\7dnjf\Desktop\오픈소스\HW2\actions-runner\bin'
[2026-04-07 16:37:09Z INFO HostContext] Well known directory 'Root': 'C:\Users\7dnjf\Desktop\오픈소스\HW2\actions-runner'
[2026-04-07 16:37:09Z INFO HostContext] Well known directory 'Diag': 'C:\Users\7dnjf\Desktop\오픈소스\HW2\actions-runner\_diag'
[2026-04-07 16:37:09Z INFO HostContext] Well known directory 'Bin': 'C:\Users\7dnjf\Desktop\오픈소스\HW2\actions-runner\bin'
[2026-04-07 16:37:09Z INFO HostContext] Well known directory 'Root': 'C:\Users\7dnjf\Desktop\오픈소스\HW2\actions-runner'
[2026-04-07 16:37:09Z INFO HostContext] Well known directory 'Diag': 'C:\Users\7dnjf\Desktop\오픈소스\HW2\actions-runner\_diag'
[2026-04-07 16:37:09Z INFO JobRunner] Starting the job execution context.
[2026-04-07 16:37:09Z INFO HostContext] Well known directory 'Bin': 'C:\Users\7dnjf\Desktop\오픈소스\HW2\actions-runner\bin'
[2026-04-07 16:37:09Z INFO HostContext] Well known directory 'Root': 'C:\Users\7dnjf\Desktop\오픈소스\HW2\actions-runner'
[2026-04-07 16:37:09Z INFO HostContext] Well known directory 'Work': 'C:\Users\7dnjf\Desktop\오픈소스\HW2\actions-runner\_work'
[2026-04-07 16:37:09Z INFO JobRunner] Validating directory permissions for: 'C:\Users\7dnjf\Desktop\오픈소스\HW2\actions-runner\_work'
[2026-04-07 16:37:09Z INFO HostContext] Well known directory 'Bin': 'C:\Users\7dnjf\Desktop\오픈소스\HW2\actions-runner\bin'
[2026-04-07 16:37:09Z INFO HostContext] Well known directory 'Root': 'C:\Users\7dnjf\Desktop\오픈소스\HW2\actions-runner'
[2026-04-07 16:37:09Z INFO HostContext] Well known directory 'Work': 'C:\Users\7dnjf\Desktop\오픈소스\HW2\actions-runner\_work'
[2026-04-07 16:37:09Z INFO HostContext] Well known directory 'Tools': 'C:\Users\7dnjf\Desktop\오픈소스\HW2\actions-runner\_work\_tool'
[2026-04-07 16:37:09Z INFO HostContext] Well known directory 'Bin': 'C:\Users\7dnjf\Desktop\오픈소스\HW2\actions-runner\bin'
[2026-04-07 16:37:09Z INFO HostContext] Well known directory 'Root': 'C:\Users\7dnjf\Desktop\오픈소스\HW2\actions-runner'
[2026-04-07 16:37:09Z INFO HostContext] Well known directory 'Work': 'C:\Users\7dnjf\Desktop\오픈소스\HW2\actions-runner\_work'
[2026-04-07 16:37:09Z INFO HostContext] Well known directory 'Temp': 'C:\Users\7dnjf\Desktop\오픈소스\HW2\actions-runner\_work\_temp'
[2026-04-07 16:37:09Z INFO JobRunner] Getting job extension.
[2026-04-07 16:37:09Z INFO JobRunner] Initialize job. Getting all job steps.
[2026-04-07 16:37:09Z INFO HostContext] Well known directory 'Bin': 'C:\Users\7dnjf\Desktop\오픈소스\HW2\actions-runner\bin'
[2026-04-07 16:37:09Z INFO HostContext] Well known directory 'Root': 'C:\Users\7dnjf\Desktop\오픈소스\HW2\actions-runner'
[2026-04-07 16:37:09Z INFO HostContext] Well known directory 'Diag': 'C:\Users\7dnjf\Desktop\오픈소스\HW2\actions-runner\_diag'
[2026-04-07 16:37:09Z INFO HostContext] Well known directory 'Bin': 'C:\Users\7dnjf\Desktop\오픈소스\HW2\actions-runner\bin'
[2026-04-07 16:37:09Z INFO HostContext] Well known directory 'Root': 'C:\Users\7dnjf\Desktop\오픈소스\HW2\actions-runner'
[2026-04-07 16:37:09Z INFO HostContext] Well known directory 'Diag': 'C:\Users\7dnjf\Desktop\오픈소스\HW2\actions-runner\_diag'
[2026-04-07 16:37:09Z INFO HostContext] Well known directory 'Bin': 'C:\Users\7dnjf\Desktop\오픈소스\HW2\actions-runner\bin'
[2026-04-07 16:37:09Z INFO HostContext] Well known directory 'Root': 'C:\Users\7dnjf\Desktop\오픈소스\HW2\actions-runner'
[2026-04-07 16:37:09Z INFO HostContext] Well known config file 'Credentials': 'C:\Users\7dnjf\Desktop\오픈소스\HW2\actions-runner\.credentials'
[2026-04-07 16:37:09Z INFO HostContext] Well known directory 'Bin': 'C:\Users\7dnjf\Desktop\오픈소스\HW2\actions-runner\bin'
[2026-04-07 16:37:09Z INFO HostContext] Well known directory 'Root': 'C:\Users\7dnjf\Desktop\오픈소스\HW2\actions-runner'
[2026-04-07 16:37:09Z INFO HostContext] Well known config file 'SetupInfo': 'C:\Users\7dnjf\Desktop\오픈소스\HW2\actions-runner\.setup_info'
[2026-04-07 16:37:09Z INFO HostContext] Well known directory 'Bin': 'C:\Users\7dnjf\Desktop\오픈소스\HW2\actions-runner\bin'
[2026-04-07 16:37:09Z INFO HostContext] Well known directory 'Root': 'C:\Users\7dnjf\Desktop\오픈소스\HW2\actions-runner'
[2026-04-07 16:37:09Z INFO HostContext] Well known directory 'Work': 'C:\Users\7dnjf\Desktop\오픈소스\HW2\actions-runner\_work'
[2026-04-07 16:37:09Z INFO PipelineDirectoryManager] Loading tracking config if exists: C:\Users\7dnjf\Desktop\오픈소스\HW2\actions-runner\_work\_PipelineMapping\7dnjf1/HW2\PipelineFolder.json
[2026-04-07 16:37:09Z INFO PipelineDirectoryManager] Creating a new tracking config file.
[2026-04-07 16:37:09Z INFO HostContext] Well known directory 'Bin': 'C:\Users\7dnjf\Desktop\오픈소스\HW2\actions-runner\bin'
[2026-04-07 16:37:09Z INFO HostContext] Well known directory 'Root': 'C:\Users\7dnjf\Desktop\오픈소스\HW2\actions-runner'
[2026-04-07 16:37:09Z INFO HostContext] Well known directory 'Work': 'C:\Users\7dnjf\Desktop\오픈소스\HW2\actions-runner\_work'
[2026-04-07 16:37:09Z INFO PipelineDirectoryManager] Creating pipeline directory.
[2026-04-07 16:37:09Z INFO HostContext] Well known directory 'Bin': 'C:\Users\7dnjf\Desktop\오픈소스\HW2\actions-runner\bin'
[2026-04-07 16:37:09Z INFO HostContext] Well known directory 'Root': 'C:\Users\7dnjf\Desktop\오픈소스\HW2\actions-runner'
[2026-04-07 16:37:09Z INFO HostContext] Well known directory 'Work': 'C:\Users\7dnjf\Desktop\오픈소스\HW2\actions-runner\_work'
[2026-04-07 16:37:09Z INFO PipelineDirectoryManager] Creating workspace directory.
[2026-04-07 16:37:09Z INFO HostContext] Well known directory 'Bin': 'C:\Users\7dnjf\Desktop\오픈소스\HW2\actions-runner\bin'
[2026-04-07 16:37:09Z INFO HostContext] Well known directory 'Root': 'C:\Users\7dnjf\Desktop\오픈소스\HW2\actions-runner'
[2026-04-07 16:37:09Z INFO HostContext] Well known directory 'Work': 'C:\Users\7dnjf\Desktop\오픈소스\HW2\actions-runner\_work'
[2026-04-07 16:37:09Z INFO JobExtension] Downloading actions
[2026-04-07 16:37:09Z INFO HostContext] Well known directory 'Bin': 'C:\Users\7dnjf\Desktop\오픈소스\HW2\actions-runner\bin'
[2026-04-07 16:37:09Z INFO HostContext] Well known directory 'Root': 'C:\Users\7dnjf\Desktop\오픈소스\HW2\actions-runner'
[2026-04-07 16:37:09Z INFO HostContext] Well known directory 'Work': 'C:\Users\7dnjf\Desktop\오픈소스\HW2\actions-runner\_work'
[2026-04-07 16:37:09Z INFO HostContext] Well known directory 'Actions': 'C:\Users\7dnjf\Desktop\오픈소스\HW2\actions-runner\_work\_actions'
[2026-04-07 16:37:09Z INFO Worker] Listening for cancel message from the channel.
[2026-04-07 16:37:09Z INFO Worker] Waiting for the job to complete or for a cancel message from the channel.
[2026-04-07 16:37:10Z INFO ResultServer] Successfully started websocket client.
[2026-04-07 16:37:10Z INFO JobServerQueue] Try to append 1 batches web console lines for record '801f4c72-9a80-4715-b263-03a6504a75de', success rate: 1/1.
[2026-04-07 16:37:11Z INFO HostContext] Well known directory 'Bin': 'C:\Users\7dnjf\Desktop\오픈소스\HW2\actions-runner\bin'
[2026-04-07 16:37:11Z INFO HostContext] Well known directory 'Root': 'C:\Users\7dnjf\Desktop\오픈소스\HW2\actions-runner'
[2026-04-07 16:37:11Z INFO HostContext] Well known directory 'Work': 'C:\Users\7dnjf\Desktop\오픈소스\HW2\actions-runner\_work'
[2026-04-07 16:37:11Z INFO HostContext] Well known directory 'Actions': 'C:\Users\7dnjf\Desktop\오픈소스\HW2\actions-runner\_work\_actions'
[2026-04-07 16:37:11Z INFO HostContext] Well known directory 'Bin': 'C:\Users\7dnjf\Desktop\오픈소스\HW2\actions-runner\bin'
[2026-04-07 16:37:11Z INFO HostContext] Well known directory 'Root': 'C:\Users\7dnjf\Desktop\오픈소스\HW2\actions-runner'
[2026-04-07 16:37:11Z INFO HostContext] Well known directory 'Work': 'C:\Users\7dnjf\Desktop\오픈소스\HW2\actions-runner\_work'
[2026-04-07 16:37:11Z INFO HostContext] Well known directory 'Actions': 'C:\Users\7dnjf\Desktop\오픈소스\HW2\actions-runner\_work\_actions'
[2026-04-07 16:37:11Z INFO ActionManager] Save archive 'https://api.github.com/repos/actions/checkout/zipball/34e114876b0b11c390a56381ad16ebd13914f8d5' into C:\Users\7dnjf\Desktop\오픈소스\HW2\actions-runner\_work\_actions\_temp_21839711-3aff-43f5-abc2-0a4fd0f10909\8800771b-4178-45f1-a6de-34320cc8b106.zip.
[2026-04-07 16:37:11Z INFO JobServerQueue] Try to append 1 batches web console lines for record '801f4c72-9a80-4715-b263-03a6504a75de', success rate: 1/1.
[2026-04-07 16:37:11Z INFO JobServerQueue] Job timeline record has been updated for the first time.
[2026-04-07 16:37:12Z INFO ActionManager] Request URL: https://api.github.com/repos/actions/checkout/zipball/34e114876b0b11c390a56381ad16ebd13914f8d5 X-GitHub-Request-Id: 0442:19EC0E:1124:DE38:69D532B7 Http Status: OK
[2026-04-07 16:37:13Z INFO ActionManager] Finished getting action repository.
[2026-04-07 16:37:13Z INFO HostContext] Well known directory 'Bin': 'C:\Users\7dnjf\Desktop\오픈소스\HW2\actions-runner\bin'
[2026-04-07 16:37:13Z INFO HostContext] Well known directory 'Root': 'C:\Users\7dnjf\Desktop\오픈소스\HW2\actions-runner'
[2026-04-07 16:37:13Z INFO HostContext] Well known directory 'Work': 'C:\Users\7dnjf\Desktop\오픈소스\HW2\actions-runner\_work'
[2026-04-07 16:37:13Z INFO HostContext] Well known directory 'Actions': 'C:\Users\7dnjf\Desktop\오픈소스\HW2\actions-runner\_work\_actions'
[2026-04-07 16:37:13Z INFO HostContext] Well known directory 'Bin': 'C:\Users\7dnjf\Desktop\오픈소스\HW2\actions-runner\bin'
[2026-04-07 16:37:13Z INFO HostContext] Well known directory 'Root': 'C:\Users\7dnjf\Desktop\오픈소스\HW2\actions-runner'
[2026-04-07 16:37:13Z INFO HostContext] Well known directory 'Work': 'C:\Users\7dnjf\Desktop\오픈소스\HW2\actions-runner\_work'
[2026-04-07 16:37:13Z INFO HostContext] Well known directory 'Actions': 'C:\Users\7dnjf\Desktop\오픈소스\HW2\actions-runner\_work\_actions'
[2026-04-07 16:37:13Z INFO ActionManager] Save archive 'https://api.github.com/repos/docker/setup-buildx-action/zipball/8d2750c68a42422c14e847fe6c8ac0403b4cbd6f' into C:\Users\7dnjf\Desktop\오픈소스\HW2\actions-runner\_work\_actions\_temp_0fb2b664-c368-4de4-8347-222c54c647dc\878ede5b-2bbe-4fc8-acb9-534a6cbcfd96.zip.
[2026-04-07 16:37:13Z INFO JobServerQueue] Try to append 1 batches web console lines for record '801f4c72-9a80-4715-b263-03a6504a75de', success rate: 1/1.
[2026-04-07 16:37:15Z INFO ActionManager] Request URL: https://api.github.com/repos/docker/setup-buildx-action/zipball/8d2750c68a42422c14e847fe6c8ac0403b4cbd6f X-GitHub-Request-Id: D5C4:C147E:1101:DDE4:69D532B9 Http Status: OK
[2026-04-07 16:37:15Z INFO ActionManager] Finished getting action repository.
[2026-04-07 16:37:15Z WARN ActionManager] Failed to delete temp folder 'C:\Users\7dnjf\Desktop\오픈소스\HW2\actions-runner\_work\_actions\_temp_0fb2b664-c368-4de4-8347-222c54c647dc'. Exception: System.AggregateException: One or more errors occurred. (The process cannot access the file 'C:\Users\7dnjf\Desktop\오픈소스\HW2\actions-runner\_work\_actions\_temp_0fb2b664-c368-4de4-8347-222c54c647dc\878ede5b-2bbe-4fc8-acb9-534a6cbcfd96.zip' because it is being used by another process.)
 ---> System.IO.IOException: The process cannot access the file 'C:\Users\7dnjf\Desktop\오픈소스\HW2\actions-runner\_work\_actions\_temp_0fb2b664-c368-4de4-8347-222c54c647dc\878ede5b-2bbe-4fc8-acb9-534a6cbcfd96.zip' because it is being used by another process.
   at System.IO.FileSystem.DeleteFile(String fullPath)
   at System.IO.FileInfo.Delete()
   at GitHub.Runner.Sdk.IOUtil.<>c__DisplayClass11_0.<DeleteDirectory>b__0(FileSystemInfo item)
   at System.Linq.Parallel.ForAllOperator`1.ForAllEnumerator`1.MoveNext(TInput& currentElement, Int32& currentKey)
   at System.Linq.Parallel.ForAllSpoolingTask`2.SpoolingWork()
   at System.Linq.Parallel.SpoolingTaskBase.Work()
   at System.Linq.Parallel.QueryTask.BaseWork(Object unused)
   at System.Threading.ExecutionContext.RunInternal(ExecutionContext executionContext, ContextCallback callback, Object state)
--- End of stack trace from previous location ---
   at System.Threading.ExecutionContext.RunInternal(ExecutionContext executionContext, ContextCallback callback, Object state)
   at System.Threading.Tasks.Task.ExecuteWithThreadLocal(Task& currentTaskSlot, Thread threadPoolThread)
   --- End of inner exception stack trace ---
   at System.Linq.Parallel.QueryTaskGroupState.QueryEnd(Boolean userInitiatedDispose)
   at System.Linq.Parallel.SpoolingTask.SpoolForAll[TInputOutput,TIgnoreKey](QueryTaskGroupState groupState, PartitionedStream`2 partitions, TaskScheduler taskScheduler)
   at System.Linq.Parallel.DefaultMergeHelper`2.System.Linq.Parallel.IMergeHelper<TInputOutput>.Execute()
   at System.Linq.Parallel.MergeExecutor`1.Execute()
   at System.Linq.Parallel.MergeExecutor`1.Execute[TKey](PartitionedStream`2 partitions, Boolean ignoreOutput, ParallelMergeOptions options, TaskScheduler taskScheduler, Boolean isOrdered, CancellationState cancellationState, Int32 queryId)
   at System.Linq.Parallel.PartitionedStreamMerger`1.Receive[TKey](PartitionedStream`2 partitionedStream)
   at System.Linq.Parallel.ForAllOperator`1.WrapPartitionedStream[TKey](PartitionedStream`2 inputStream, IPartitionedStreamRecipient`1 recipient, Boolean preferStriping, QuerySettings settings)
   at System.Linq.Parallel.UnaryQueryOperator`2.UnaryQueryOperatorResults.ChildResultsRecipient.Receive[TKey](PartitionedStream`2 inputStream)
   at System.Linq.Parallel.ScanQueryOperator`1.ScanEnumerableQueryOperatorResults.GivePartitionedStream(IPartitionedStreamRecipient`1 recipient)
   at System.Linq.Parallel.UnaryQueryOperator`2.UnaryQueryOperatorResults.GivePartitionedStream(IPartitionedStreamRecipient`1 recipient)
   at System.Linq.Parallel.QueryOperator`1.GetOpenedEnumerator(Nullable`1 mergeOptions, Boolean suppressOrder, Boolean forEffect, QuerySettings querySettings)
   at System.Linq.Parallel.ForAllOperator`1.RunSynchronously()
   at GitHub.Runner.Sdk.IOUtil.DeleteDirectory(String path, Boolean contentsOnly, Boolean continueOnContentDeleteError, CancellationToken cancellationToken)
   at GitHub.Runner.Sdk.IOUtil.DeleteDirectory(String path, CancellationToken cancellationToken)
   at GitHub.Runner.Worker.ActionManager.DownloadRepositoryActionAsync(IExecutionContext executionContext, ActionDownloadInfo downloadInfo)
[2026-04-07 16:37:15Z INFO HostContext] Well known directory 'Bin': 'C:\Users\7dnjf\Desktop\오픈소스\HW2\actions-runner\bin'
[2026-04-07 16:37:15Z INFO HostContext] Well known directory 'Root': 'C:\Users\7dnjf\Desktop\오픈소스\HW2\actions-runner'
[2026-04-07 16:37:15Z INFO HostContext] Well known directory 'Work': 'C:\Users\7dnjf\Desktop\오픈소스\HW2\actions-runner\_work'
[2026-04-07 16:37:15Z INFO HostContext] Well known directory 'Actions': 'C:\Users\7dnjf\Desktop\오픈소스\HW2\actions-runner\_work\_actions'
[2026-04-07 16:37:15Z INFO HostContext] Well known directory 'Bin': 'C:\Users\7dnjf\Desktop\오픈소스\HW2\actions-runner\bin'
[2026-04-07 16:37:15Z INFO HostContext] Well known directory 'Root': 'C:\Users\7dnjf\Desktop\오픈소스\HW2\actions-runner'
[2026-04-07 16:37:15Z INFO HostContext] Well known directory 'Work': 'C:\Users\7dnjf\Desktop\오픈소스\HW2\actions-runner\_work'
[2026-04-07 16:37:15Z INFO HostContext] Well known directory 'Actions': 'C:\Users\7dnjf\Desktop\오픈소스\HW2\actions-runner\_work\_actions'
[2026-04-07 16:37:15Z INFO ActionManager] Save archive 'https://api.github.com/repos/docker/login-action/zipball/c94ce9fb468520275223c153574b00df6fe4bcc9' into C:\Users\7dnjf\Desktop\오픈소스\HW2\actions-runner\_work\_actions\_temp_16ffed44-cb7d-4cc0-8cc7-96dcf63ea710\b15da3f6-f357-408f-9c8a-c245873546b9.zip.
[2026-04-07 16:37:15Z INFO JobServerQueue] Try to append 1 batches web console lines for record '801f4c72-9a80-4715-b263-03a6504a75de', success rate: 1/1.
[2026-04-07 16:37:17Z INFO ActionManager] Request URL: https://api.github.com/repos/docker/login-action/zipball/c94ce9fb468520275223c153574b00df6fe4bcc9 X-GitHub-Request-Id: CE2E:A8488:0FC8:DCE7:69D532BC Http Status: OK
[2026-04-07 16:37:17Z INFO ActionManager] Finished getting action repository.
[2026-04-07 16:37:17Z INFO HostContext] Well known directory 'Bin': 'C:\Users\7dnjf\Desktop\오픈소스\HW2\actions-runner\bin'
[2026-04-07 16:37:17Z INFO HostContext] Well known directory 'Root': 'C:\Users\7dnjf\Desktop\오픈소스\HW2\actions-runner'
[2026-04-07 16:37:17Z INFO HostContext] Well known directory 'Work': 'C:\Users\7dnjf\Desktop\오픈소스\HW2\actions-runner\_work'
[2026-04-07 16:37:17Z INFO HostContext] Well known directory 'Actions': 'C:\Users\7dnjf\Desktop\오픈소스\HW2\actions-runner\_work\_actions'
[2026-04-07 16:37:17Z INFO HostContext] Well known directory 'Bin': 'C:\Users\7dnjf\Desktop\오픈소스\HW2\actions-runner\bin'
[2026-04-07 16:37:17Z INFO HostContext] Well known directory 'Root': 'C:\Users\7dnjf\Desktop\오픈소스\HW2\actions-runner'
[2026-04-07 16:37:17Z INFO HostContext] Well known directory 'Work': 'C:\Users\7dnjf\Desktop\오픈소스\HW2\actions-runner\_work'
[2026-04-07 16:37:17Z INFO HostContext] Well known directory 'Actions': 'C:\Users\7dnjf\Desktop\오픈소스\HW2\actions-runner\_work\_actions'
[2026-04-07 16:37:17Z INFO ActionManager] Save archive 'https://api.github.com/repos/docker/build-push-action/zipball/ca052bb54ab0790a636c9b5f226502c73d547a25' into C:\Users\7dnjf\Desktop\오픈소스\HW2\actions-runner\_work\_actions\_temp_67e74546-78de-4d4d-bff2-a4d05fea7470\1b92cf50-6750-4304-b89d-a52f757dacef.zip.
[2026-04-07 16:37:18Z INFO JobServerQueue] Try to append 1 batches web console lines for record '801f4c72-9a80-4715-b263-03a6504a75de', success rate: 1/1.
[2026-04-07 16:37:19Z INFO ActionManager] Request URL: https://api.github.com/repos/docker/build-push-action/zipball/ca052bb54ab0790a636c9b5f226502c73d547a25 X-GitHub-Request-Id: CE30:10886E:0FB9:DC9C:69D532BE Http Status: OK
[2026-04-07 16:37:20Z INFO ActionManager] Finished getting action repository.
[2026-04-07 16:37:20Z INFO HostContext] Well known directory 'Bin': 'C:\Users\7dnjf\Desktop\오픈소스\HW2\actions-runner\bin'
[2026-04-07 16:37:20Z INFO HostContext] Well known directory 'Root': 'C:\Users\7dnjf\Desktop\오픈소스\HW2\actions-runner'
[2026-04-07 16:37:20Z INFO HostContext] Well known directory 'Work': 'C:\Users\7dnjf\Desktop\오픈소스\HW2\actions-runner\_work'
[2026-04-07 16:37:20Z INFO HostContext] Well known directory 'Actions': 'C:\Users\7dnjf\Desktop\오픈소스\HW2\actions-runner\_work\_actions'
[2026-04-07 16:37:20Z INFO ActionManifestManagerLegacy] Load schema file with definitions: [
  "null",
  "boolean",
  "number",
  "string",
  "sequence",
  "mapping",
  "any",
  "action-root",
  "inputs",
  "input",
  "outputs",
  "output-definition",
  "runs",
  "container-runs",
  "container-runs-args",
  "container-runs-env",
  "node-runs",
  "plugin-runs",
  "composite-runs",
  "composite-steps",
  "composite-step",
  "run-step",
  "uses-step",
  "container-runs-context",
  "output-value",
  "input-default-context",
  "non-empty-string",
  "string-steps-context",
  "boolean-steps-context",
  "step-env",
  "step-if",
  "step-with"
]
[2026-04-07 16:37:20Z INFO ActionManifestManager] Load schema file with definitions: [
  "null",
  "boolean",
  "number",
  "string",
  "sequence",
  "mapping",
  "any",
  "action-root",
  "inputs",
  "input",
  "outputs",
  "output-definition",
  "runs",
  "container-runs",
  "container-runs-args",
  "container-runs-env",
  "node-runs",
  "plugin-runs",
  "composite-runs",
  "composite-steps",
  "composite-step",
  "run-step",
  "uses-step",
  "container-runs-context",
  "output-value",
  "input-default-context",
  "non-empty-string",
  "string-steps-context",
  "boolean-steps-context",
  "step-env",
  "step-if",
  "step-with"
]
[2026-04-07 16:37:20Z INFO HostContext] Well known directory 'Bin': 'C:\Users\7dnjf\Desktop\오픈소스\HW2\actions-runner\bin'
[2026-04-07 16:37:20Z INFO HostContext] Well known directory 'Root': 'C:\Users\7dnjf\Desktop\오픈소스\HW2\actions-runner'
[2026-04-07 16:37:20Z INFO HostContext] Well known directory 'Work': 'C:\Users\7dnjf\Desktop\오픈소스\HW2\actions-runner\_work'
[2026-04-07 16:37:20Z INFO HostContext] Well known directory 'Actions': 'C:\Users\7dnjf\Desktop\오픈소스\HW2\actions-runner\_work\_actions'
[2026-04-07 16:37:20Z INFO ActionManifestManagerLegacy] Loaded action.yml file: {
  "name": "Checkout",
  "description": "Checkout a Git repository at a particular version",
  "inputs": {
    "type": 2,
    "map": [
      {
        "key": {
          "type": 0,
          "file": 2,
          "line": 4,
          "col": 3,
          "lit": "repository"
        },
        "value": {
          "type": 3,
          "file": 2,
          "line": 6,
          "col": 14,
          "expr": "github.repository"
        }
      },
      {
        "key": {
          "type": 0,
          "file": 2,
          "line": 7,
          "col": 3,
          "lit": "ref"
        },
        "value": ""
      },
      {
        "key": {
          "type": 0,
          "file": 2,
          "line": 12,
          "col": 3,
          "lit": "token"
        },
        "value": {
          "type": 3,
          "file": 2,
          "line": 24,
          "col": 14,
          "expr": "github.token"
        }
      },
      {
        "key": {
          "type": 0,
          "file": 2,
          "line": 25,
          "col": 3,
          "lit": "ssh-key"
        },
        "value": ""
      },
      {
        "key": {
          "type": 0,
          "file": 2,
          "line": 37,
          "col": 3,
          "lit": "ssh-known-hosts"
        },
        "value": ""
      },
      {
        "key": {
          "type": 0,
          "file": 2,
          "line": 42,
          "col": 3,
          "lit": "ssh-strict"
        },
        "value": {
          "type": 0,
          "file": 2,
          "line": 47,
          "col": 14,
          "lit": "true"
        }
      },
      {
        "key": {
          "type": 0,
          "file": 2,
          "line": 48,
          "col": 3,
          "lit": "ssh-user"
        },
        "value": {
          "type": 0,
          "file": 2,
          "line": 51,
          "col": 14,
          "lit": "git"
        }
      },
      {
        "key": {
          "type": 0,
          "file": 2,
          "line": 52,
          "col": 3,
          "lit": "persist-credentials"
        },
        "value": {
          "type": 0,
          "file": 2,
          "line": 54,
          "col": 14,
          "lit": "true"
        }
      },
      {
        "key": {
          "type": 0,
          "file": 2,
          "line": 55,
          "col": 3,
          "lit": "path"
        },
        "value": ""
      },
      {
        "key": {
          "type": 0,
          "file": 2,
          "line": 57,
          "col": 3,
          "lit": "clean"
        },
        "value": {
          "type": 0,
          "file": 2,
          "line": 59,
          "col": 14,
          "lit": "true"
        }
      },
      {
        "key": {
          "type": 0,
          "file": 2,
          "line": 60,
          "col": 3,
          "lit": "filter"
        },
        "value": {
          "type": 0,
          "file": 2,
          "line": 64,
          "col": 14,
          "lit": ""
        }
      },
      {
        "key": {
          "type": 0,
          "file": 2,
          "line": 65,
          "col": 3,
          "lit": "sparse-checkout"
        },
        "value": {
          "type": 0,
          "file": 2,
          "line": 69,
          "col": 14,
          "lit": ""
        }
      },
      {
        "key": {
          "type": 0,
          "file": 2,
          "line": 70,
          "col": 3,
          "lit": "sparse-checkout-cone-mode"
        },
        "value": {
          "type": 0,
          "file": 2,
          "line": 73,
          "col": 14,
          "lit": "true"
        }
      },
      {
        "key": {
          "type": 0,
          "file": 2,
          "line": 74,
          "col": 3,
          "lit": "fetch-depth"
        },
        "value": {
          "type": 0,
          "file": 2,
          "line": 76,
          "col": 14,
          "lit": "1"
        }
      },
      {
        "key": {
          "type": 0,
          "file": 2,
          "line": 77,
          "col": 3,
          "lit": "fetch-tags"
        },
        "value": {
          "type": 0,
          "file": 2,
          "line": 79,
          "col": 14,
          "lit": "false"
        }
      },
      {
        "key": {
          "type": 0,
          "file": 2,
          "line": 80,
          "col": 3,
          "lit": "show-progress"
        },
        "value": {
          "type": 0,
          "file": 2,
          "line": 82,
          "col": 14,
          "lit": "true"
        }
      },
      {
        "key": {
          "type": 0,
          "file": 2,
          "line": 83,
          "col": 3,
          "lit": "lfs"
        },
        "value": {
          "type": 0,
          "file": 2,
          "line": 85,
          "col": 14,
          "lit": "false"
        }
      },
      {
        "key": {
          "type": 0,
          "file": 2,
          "line": 86,
          "col": 3,
          "lit": "submodules"
        },
        "value": {
          "type": 0,
          "file": 2,
          "line": 94,
          "col": 14,
          "lit": "false"
        }
      },
      {
        "key": {
          "type": 0,
          "file": 2,
          "line": 95,
          "col": 3,
          "lit": "set-safe-directory"
        },
        "value": {
          "type": 0,
          "file": 2,
          "line": 97,
          "col": 14,
          "lit": "true"
        }
      },
      {
        "key": {
          "type": 0,
          "file": 2,
          "line": 98,
          "col": 3,
          "lit": "github-server-url"
        },
        "value": ""
      }
    ]
  },
  "execution": {
    "executionType": "nodeJS",
    "hasPre": false,
    "hasPost": true,
    "script": "dist/index.js",
    "pre": null,
    "post": "dist/index.js",
    "nodeVersion": "node20",
    "cleanupCondition": "always()",
    "initCondition": "always()"
  },
  "deprecated": null
}
[2026-04-07 16:37:20Z INFO ActionManager] Action node.js file: dist/index.js, no more preparation.
[2026-04-07 16:37:20Z INFO HostContext] Well known directory 'Bin': 'C:\Users\7dnjf\Desktop\오픈소스\HW2\actions-runner\bin'
[2026-04-07 16:37:20Z INFO HostContext] Well known directory 'Root': 'C:\Users\7dnjf\Desktop\오픈소스\HW2\actions-runner'
[2026-04-07 16:37:20Z INFO HostContext] Well known directory 'Work': 'C:\Users\7dnjf\Desktop\오픈소스\HW2\actions-runner\_work'
[2026-04-07 16:37:20Z INFO HostContext] Well known directory 'Actions': 'C:\Users\7dnjf\Desktop\오픈소스\HW2\actions-runner\_work\_actions'
[2026-04-07 16:37:20Z INFO ActionManager] Load action that reference repository from 'C:\Users\7dnjf\Desktop\오픈소스\HW2\actions-runner\_work\_actions\actions\checkout\v4'
[2026-04-07 16:37:20Z INFO HostContext] Well known directory 'Bin': 'C:\Users\7dnjf\Desktop\오픈소스\HW2\actions-runner\bin'
[2026-04-07 16:37:20Z INFO HostContext] Well known directory 'Root': 'C:\Users\7dnjf\Desktop\오픈소스\HW2\actions-runner'
[2026-04-07 16:37:20Z INFO HostContext] Well known directory 'Work': 'C:\Users\7dnjf\Desktop\오픈소스\HW2\actions-runner\_work'
[2026-04-07 16:37:20Z INFO HostContext] Well known directory 'Actions': 'C:\Users\7dnjf\Desktop\오픈소스\HW2\actions-runner\_work\_actions'
[2026-04-07 16:37:20Z INFO ActionManifestManagerLegacy] Loaded action.yml file: {
  "name": "Checkout",
  "description": "Checkout a Git repository at a particular version",
  "inputs": {
    "type": 2,
    "map": [
      {
        "key": {
          "type": 0,
          "file": 2,
          "line": 4,
          "col": 3,
          "lit": "repository"
        },
        "value": {
          "type": 3,
          "file": 2,
          "line": 6,
          "col": 14,
          "expr": "github.repository"
        }
      },
      {
        "key": {
          "type": 0,
          "file": 2,
          "line": 7,
          "col": 3,
          "lit": "ref"
        },
        "value": ""
      },
      {
        "key": {
          "type": 0,
          "file": 2,
          "line": 12,
          "col": 3,
          "lit": "token"
        },
        "value": {
          "type": 3,
          "file": 2,
          "line": 24,
          "col": 14,
          "expr": "github.token"
        }
      },
      {
        "key": {
          "type": 0,
          "file": 2,
          "line": 25,
          "col": 3,
          "lit": "ssh-key"
        },
        "value": ""
      },
      {
        "key": {
          "type": 0,
          "file": 2,
          "line": 37,
          "col": 3,
          "lit": "ssh-known-hosts"
        },
        "value": ""
      },
      {
        "key": {
          "type": 0,
          "file": 2,
          "line": 42,
          "col": 3,
          "lit": "ssh-strict"
        },
        "value": {
          "type": 0,
          "file": 2,
          "line": 47,
          "col": 14,
          "lit": "true"
        }
      },
      {
        "key": {
          "type": 0,
          "file": 2,
          "line": 48,
          "col": 3,
          "lit": "ssh-user"
        },
        "value": {
          "type": 0,
          "file": 2,
          "line": 51,
          "col": 14,
          "lit": "git"
        }
      },
      {
        "key": {
          "type": 0,
          "file": 2,
          "line": 52,
          "col": 3,
          "lit": "persist-credentials"
        },
        "value": {
          "type": 0,
          "file": 2,
          "line": 54,
          "col": 14,
          "lit": "true"
        }
      },
      {
        "key": {
          "type": 0,
          "file": 2,
          "line": 55,
          "col": 3,
          "lit": "path"
        },
        "value": ""
      },
      {
        "key": {
          "type": 0,
          "file": 2,
          "line": 57,
          "col": 3,
          "lit": "clean"
        },
        "value": {
          "type": 0,
          "file": 2,
          "line": 59,
          "col": 14,
          "lit": "true"
        }
      },
      {
        "key": {
          "type": 0,
          "file": 2,
          "line": 60,
          "col": 3,
          "lit": "filter"
        },
        "value": {
          "type": 0,
          "file": 2,
          "line": 64,
          "col": 14,
          "lit": ""
        }
      },
      {
        "key": {
          "type": 0,
          "file": 2,
          "line": 65,
          "col": 3,
          "lit": "sparse-checkout"
        },
        "value": {
          "type": 0,
          "file": 2,
          "line": 69,
          "col": 14,
          "lit": ""
        }
      },
      {
        "key": {
          "type": 0,
          "file": 2,
          "line": 70,
          "col": 3,
          "lit": "sparse-checkout-cone-mode"
        },
        "value": {
          "type": 0,
          "file": 2,
          "line": 73,
          "col": 14,
          "lit": "true"
        }
      },
      {
        "key": {
          "type": 0,
          "file": 2,
          "line": 74,
          "col": 3,
          "lit": "fetch-depth"
        },
        "value": {
          "type": 0,
          "file": 2,
          "line": 76,
          "col": 14,
          "lit": "1"
        }
      },
      {
        "key": {
          "type": 0,
          "file": 2,
          "line": 77,
          "col": 3,
          "lit": "fetch-tags"
        },
        "value": {
          "type": 0,
          "file": 2,
          "line": 79,
          "col": 14,
          "lit": "false"
        }
      },
      {
        "key": {
          "type": 0,
          "file": 2,
          "line": 80,
          "col": 3,
          "lit": "show-progress"
        },
        "value": {
          "type": 0,
          "file": 2,
          "line": 82,
          "col": 14,
          "lit": "true"
        }
      },
      {
        "key": {
          "type": 0,
          "file": 2,
          "line": 83,
          "col": 3,
          "lit": "lfs"
        },
        "value": {
          "type": 0,
          "file": 2,
          "line": 85,
          "col": 14,
          "lit": "false"
        }
      },
      {
        "key": {
          "type": 0,
          "file": 2,
          "line": 86,
          "col": 3,
          "lit": "submodules"
        },
        "value": {
          "type": 0,
          "file": 2,
          "line": 94,
          "col": 14,
          "lit": "false"
        }
      },
      {
        "key": {
          "type": 0,
          "file": 2,
          "line": 95,
          "col": 3,
          "lit": "set-safe-directory"
        },
        "value": {
          "type": 0,
          "file": 2,
          "line": 97,
          "col": 14,
          "lit": "true"
        }
      },
      {
        "key": {
          "type": 0,
          "file": 2,
          "line": 98,
          "col": 3,
          "lit": "github-server-url"
        },
        "value": ""
      }
    ]
  },
  "execution": {
    "executionType": "nodeJS",
    "hasPre": false,
    "hasPost": true,
    "script": "dist/index.js",
    "pre": null,
    "post": "dist/index.js",
    "nodeVersion": "node20",
    "cleanupCondition": "always()",
    "initCondition": "always()"
  },
  "deprecated": null
}
[2026-04-07 16:37:20Z INFO ActionManager] Action pre node.js file: N/A.
[2026-04-07 16:37:20Z INFO ActionManager] Action node.js file: dist/index.js.
[2026-04-07 16:37:20Z INFO ActionManager] Action post node.js file: dist/index.js.
[2026-04-07 16:37:20Z INFO HostContext] Well known directory 'Bin': 'C:\Users\7dnjf\Desktop\오픈소스\HW2\actions-runner\bin'
[2026-04-07 16:37:20Z INFO HostContext] Well known directory 'Root': 'C:\Users\7dnjf\Desktop\오픈소스\HW2\actions-runner'
[2026-04-07 16:37:20Z INFO HostContext] Well known directory 'Work': 'C:\Users\7dnjf\Desktop\오픈소스\HW2\actions-runner\_work'
[2026-04-07 16:37:20Z INFO HostContext] Well known directory 'Actions': 'C:\Users\7dnjf\Desktop\오픈소스\HW2\actions-runner\_work\_actions'
[2026-04-07 16:37:20Z INFO HostContext] Well known directory 'Bin': 'C:\Users\7dnjf\Desktop\오픈소스\HW2\actions-runner\bin'
[2026-04-07 16:37:20Z INFO HostContext] Well known directory 'Root': 'C:\Users\7dnjf\Desktop\오픈소스\HW2\actions-runner'
[2026-04-07 16:37:20Z INFO HostContext] Well known directory 'Work': 'C:\Users\7dnjf\Desktop\오픈소스\HW2\actions-runner\_work'
[2026-04-07 16:37:20Z INFO HostContext] Well known directory 'Actions': 'C:\Users\7dnjf\Desktop\오픈소스\HW2\actions-runner\_work\_actions'
[2026-04-07 16:37:20Z INFO ActionManifestManagerLegacy] Ignore action property author.
[2026-04-07 16:37:20Z INFO ActionManifestManagerLegacy] Ignore action property branding.
[2026-04-07 16:37:20Z INFO ActionManifestManagerLegacy] Loaded action.yml file: {
  "name": "Docker Setup Buildx",
  "description": "Set up Docker Buildx",
  "inputs": {
    "type": 2,
    "map": [
      {
        "key": {
          "type": 0,
          "file": 3,
          "line": 10,
          "col": 3,
          "lit": "version"
        },
        "value": ""
      },
      {
        "key": {
          "type": 0,
          "file": 3,
          "line": 13,
          "col": 3,
          "lit": "driver"
        },
        "value": {
          "type": 0,
          "file": 3,
          "line": 15,
          "col": 14,
          "lit": "docker-container"
        }
      },
      {
        "key": {
          "type": 0,
          "file": 3,
          "line": 17,
          "col": 3,
          "lit": "driver-opts"
        },
        "value": ""
      },
      {
        "key": {
          "type": 0,
          "file": 3,
          "line": 20,
          "col": 3,
          "lit": "buildkitd-flags"
        },
        "value": ""
      },
      {
        "key": {
          "type": 0,
          "file": 3,
          "line": 23,
          "col": 3,
          "lit": "buildkitd-config"
        },
        "value": ""
      },
      {
        "key": {
          "type": 0,
          "file": 3,
          "line": 26,
          "col": 3,
          "lit": "buildkitd-config-inline"
        },
        "value": ""
      },
      {
        "key": {
          "type": 0,
          "file": 3,
          "line": 29,
          "col": 3,
          "lit": "use"
        },
        "value": {
          "type": 0,
          "file": 3,
          "line": 31,
          "col": 14,
          "lit": "true"
        }
      },
      {
        "key": {
          "type": 0,
          "file": 3,
          "line": 33,
          "col": 3,
          "lit": "name"
        },
        "value": ""
      },
      {
        "key": {
          "type": 0,
          "file": 3,
          "line": 36,
          "col": 3,
          "lit": "endpoint"
        },
        "value": ""
      },
      {
        "key": {
          "type": 0,
          "file": 3,
          "line": 39,
          "col": 3,
          "lit": "platforms"
        },
        "value": ""
      },
      {
        "key": {
          "type": 0,
          "file": 3,
          "line": 42,
          "col": 3,
          "lit": "append"
        },
        "value": ""
      },
      {
        "key": {
          "type": 0,
          "file": 3,
          "line": 45,
          "col": 3,
          "lit": "keep-state"
        },
        "value": {
          "type": 0,
          "file": 3,
          "line": 47,
          "col": 14,
          "lit": "false"
        }
      },
      {
        "key": {
          "type": 0,
          "file": 3,
          "line": 49,
          "col": 3,
          "lit": "cache-binary"
        },
        "value": {
          "type": 0,
          "file": 3,
          "line": 51,
          "col": 14,
          "lit": "true"
        }
      },
      {
        "key": {
          "type": 0,
          "file": 3,
          "line": 53,
          "col": 3,
          "lit": "cleanup"
        },
        "value": {
          "type": 0,
          "file": 3,
          "line": 55,
          "col": 14,
          "lit": "true"
        }
      },
      {
        "key": {
          "type": 0,
          "file": 3,
          "line": 58,
          "col": 3,
          "lit": "config"
        },
        "value": ""
      },
      {
        "key": {
          "type": 0,
          "file": 3,
          "line": 62,
          "col": 3,
          "lit": "config-inline"
        },
        "value": ""
      },
      {
        "key": {
          "type": 0,
          "file": 3,
          "line": 66,
          "col": 3,
          "lit": "install"
        },
        "value": {
          "type": 0,
          "file": 3,
          "line": 69,
          "col": 14,
          "lit": "false"
        }
      }
    ]
  },
  "execution": {
    "executionType": "nodeJS",
    "hasPre": false,
    "hasPost": true,
    "script": "dist/index.js",
    "pre": null,
    "post": "dist/index.js",
    "nodeVersion": "node20",
    "cleanupCondition": "always()",
    "initCondition": "always()"
  },
  "deprecated": {
    "config": "Use buildkitd-config instead",
    "config-inline": "Use buildkitd-config-inline instead",
    "install": "\"docker buildx install\" command is deprecated and will be removed in a future release, use BUILDX_BUILDER environment variable instead"
  }
}
[2026-04-07 16:37:20Z INFO ActionManager] Action node.js file: dist/index.js, no more preparation.
[2026-04-07 16:37:20Z INFO HostContext] Well known directory 'Bin': 'C:\Users\7dnjf\Desktop\오픈소스\HW2\actions-runner\bin'
[2026-04-07 16:37:20Z INFO HostContext] Well known directory 'Root': 'C:\Users\7dnjf\Desktop\오픈소스\HW2\actions-runner'
[2026-04-07 16:37:20Z INFO HostContext] Well known directory 'Work': 'C:\Users\7dnjf\Desktop\오픈소스\HW2\actions-runner\_work'
[2026-04-07 16:37:20Z INFO HostContext] Well known directory 'Actions': 'C:\Users\7dnjf\Desktop\오픈소스\HW2\actions-runner\_work\_actions'
[2026-04-07 16:37:20Z INFO ActionManager] Load action that reference repository from 'C:\Users\7dnjf\Desktop\오픈소스\HW2\actions-runner\_work\_actions\docker\setup-buildx-action\v3'
[2026-04-07 16:37:20Z INFO HostContext] Well known directory 'Bin': 'C:\Users\7dnjf\Desktop\오픈소스\HW2\actions-runner\bin'
[2026-04-07 16:37:20Z INFO HostContext] Well known directory 'Root': 'C:\Users\7dnjf\Desktop\오픈소스\HW2\actions-runner'
[2026-04-07 16:37:20Z INFO HostContext] Well known directory 'Work': 'C:\Users\7dnjf\Desktop\오픈소스\HW2\actions-runner\_work'
[2026-04-07 16:37:20Z INFO HostContext] Well known directory 'Actions': 'C:\Users\7dnjf\Desktop\오픈소스\HW2\actions-runner\_work\_actions'
[2026-04-07 16:37:20Z INFO ActionManifestManagerLegacy] Ignore action property author.
[2026-04-07 16:37:20Z INFO ActionManifestManagerLegacy] Ignore action property branding.
[2026-04-07 16:37:20Z INFO ActionManifestManagerLegacy] Loaded action.yml file: {
  "name": "Docker Setup Buildx",
  "description": "Set up Docker Buildx",
  "inputs": {
    "type": 2,
    "map": [
      {
        "key": {
          "type": 0,
          "file": 3,
          "line": 10,
          "col": 3,
          "lit": "version"
        },
        "value": ""
      },
      {
        "key": {
          "type": 0,
          "file": 3,
          "line": 13,
          "col": 3,
          "lit": "driver"
        },
        "value": {
          "type": 0,
          "file": 3,
          "line": 15,
          "col": 14,
          "lit": "docker-container"
        }
      },
      {
        "key": {
          "type": 0,
          "file": 3,
          "line": 17,
          "col": 3,
          "lit": "driver-opts"
        },
        "value": ""
      },
      {
        "key": {
          "type": 0,
          "file": 3,
          "line": 20,
          "col": 3,
          "lit": "buildkitd-flags"
        },
        "value": ""
      },
      {
        "key": {
          "type": 0,
          "file": 3,
          "line": 23,
          "col": 3,
          "lit": "buildkitd-config"
        },
        "value": ""
      },
      {
        "key": {
          "type": 0,
          "file": 3,
          "line": 26,
          "col": 3,
          "lit": "buildkitd-config-inline"
        },
        "value": ""
      },
      {
        "key": {
          "type": 0,
          "file": 3,
          "line": 29,
          "col": 3,
          "lit": "use"
        },
        "value": {
          "type": 0,
          "file": 3,
          "line": 31,
          "col": 14,
          "lit": "true"
        }
      },
      {
        "key": {
          "type": 0,
          "file": 3,
          "line": 33,
          "col": 3,
          "lit": "name"
        },
        "value": ""
      },
      {
        "key": {
          "type": 0,
          "file": 3,
          "line": 36,
          "col": 3,
          "lit": "endpoint"
        },
        "value": ""
      },
      {
        "key": {
          "type": 0,
          "file": 3,
          "line": 39,
          "col": 3,
          "lit": "platforms"
        },
        "value": ""
      },
      {
        "key": {
          "type": 0,
          "file": 3,
          "line": 42,
          "col": 3,
          "lit": "append"
        },
        "value": ""
      },
      {
        "key": {
          "type": 0,
          "file": 3,
          "line": 45,
          "col": 3,
          "lit": "keep-state"
        },
        "value": {
          "type": 0,
          "file": 3,
          "line": 47,
          "col": 14,
          "lit": "false"
        }
      },
      {
        "key": {
          "type": 0,
          "file": 3,
          "line": 49,
          "col": 3,
          "lit": "cache-binary"
        },
        "value": {
          "type": 0,
          "file": 3,
          "line": 51,
          "col": 14,
          "lit": "true"
        }
      },
      {
        "key": {
          "type": 0,
          "file": 3,
          "line": 53,
          "col": 3,
          "lit": "cleanup"
        },
        "value": {
          "type": 0,
          "file": 3,
          "line": 55,
          "col": 14,
          "lit": "true"
        }
      },
      {
        "key": {
          "type": 0,
          "file": 3,
          "line": 58,
          "col": 3,
          "lit": "config"
        },
        "value": ""
      },
      {
        "key": {
          "type": 0,
          "file": 3,
          "line": 62,
          "col": 3,
          "lit": "config-inline"
        },
        "value": ""
      },
      {
        "key": {
          "type": 0,
          "file": 3,
          "line": 66,
          "col": 3,
          "lit": "install"
        },
        "value": {
          "type": 0,
          "file": 3,
          "line": 69,
          "col": 14,
          "lit": "false"
        }
      }
    ]
  },
  "execution": {
    "executionType": "nodeJS",
    "hasPre": false,
    "hasPost": true,
    "script": "dist/index.js",
    "pre": null,
    "post": "dist/index.js",
    "nodeVersion": "node20",
    "cleanupCondition": "always()",
    "initCondition": "always()"
  },
  "deprecated": {
    "config": "Use buildkitd-config instead",
    "config-inline": "Use buildkitd-config-inline instead",
    "install": "\"docker buildx install\" command is deprecated and will be removed in a future release, use BUILDX_BUILDER environment variable instead"
  }
}
[2026-04-07 16:37:20Z INFO ActionManager] Action pre node.js file: N/A.
[2026-04-07 16:37:20Z INFO ActionManager] Action node.js file: dist/index.js.
[2026-04-07 16:37:20Z INFO ActionManager] Action post node.js file: dist/index.js.
[2026-04-07 16:37:20Z INFO HostContext] Well known directory 'Bin': 'C:\Users\7dnjf\Desktop\오픈소스\HW2\actions-runner\bin'
[2026-04-07 16:37:20Z INFO HostContext] Well known directory 'Root': 'C:\Users\7dnjf\Desktop\오픈소스\HW2\actions-runner'
[2026-04-07 16:37:20Z INFO HostContext] Well known directory 'Work': 'C:\Users\7dnjf\Desktop\오픈소스\HW2\actions-runner\_work'
[2026-04-07 16:37:20Z INFO HostContext] Well known directory 'Actions': 'C:\Users\7dnjf\Desktop\오픈소스\HW2\actions-runner\_work\_actions'
[2026-04-07 16:37:20Z INFO HostContext] Well known directory 'Bin': 'C:\Users\7dnjf\Desktop\오픈소스\HW2\actions-runner\bin'
[2026-04-07 16:37:20Z INFO HostContext] Well known directory 'Root': 'C:\Users\7dnjf\Desktop\오픈소스\HW2\actions-runner'
[2026-04-07 16:37:20Z INFO HostContext] Well known directory 'Work': 'C:\Users\7dnjf\Desktop\오픈소스\HW2\actions-runner\_work'
[2026-04-07 16:37:20Z INFO HostContext] Well known directory 'Actions': 'C:\Users\7dnjf\Desktop\오픈소스\HW2\actions-runner\_work\_actions'
[2026-04-07 16:37:20Z INFO ActionManifestManagerLegacy] Ignore action property author.
[2026-04-07 16:37:20Z INFO ActionManifestManagerLegacy] Ignore action property branding.
[2026-04-07 16:37:20Z INFO ActionManifestManagerLegacy] Loaded action.yml file: {
  "name": "Docker Login",
  "description": "GitHub Action to login against a Docker registry",
  "inputs": {
    "type": 2,
    "map": [
      {
        "key": {
          "type": 0,
          "file": 4,
          "line": 10,
          "col": 3,
          "lit": "registry"
        },
        "value": ""
      },
      {
        "key": {
          "type": 0,
          "file": 4,
          "line": 13,
          "col": 3,
          "lit": "username"
        },
        "value": ""
      },
      {
        "key": {
          "type": 0,
          "file": 4,
          "line": 16,
          "col": 3,
          "lit": "password"
        },
        "value": ""
      },
      {
        "key": {
          "type": 0,
          "file": 4,
          "line": 19,
          "col": 3,
          "lit": "ecr"
        },
        "value": ""
      },
      {
        "key": {
          "type": 0,
          "file": 4,
          "line": 22,
          "col": 3,
          "lit": "scope"
        },
        "value": ""
      },
      {
        "key": {
          "type": 0,
          "file": 4,
          "line": 25,
          "col": 3,
          "lit": "logout"
        },
        "value": {
          "type": 0,
          "file": 4,
          "line": 27,
          "col": 14,
          "lit": "true"
        }
      },
      {
        "key": {
          "type": 0,
          "file": 4,
          "line": 29,
          "col": 3,
          "lit": "registry-auth"
        },
        "value": ""
      }
    ]
  },
  "execution": {
    "executionType": "nodeJS",
    "hasPre": false,
    "hasPost": true,
    "script": "dist/index.js",
    "pre": null,
    "post": "dist/index.js",
    "nodeVersion": "node20",
    "cleanupCondition": "always()",
    "initCondition": "always()"
  },
  "deprecated": null
}
[2026-04-07 16:37:20Z INFO ActionManager] Action node.js file: dist/index.js, no more preparation.
[2026-04-07 16:37:20Z INFO HostContext] Well known directory 'Bin': 'C:\Users\7dnjf\Desktop\오픈소스\HW2\actions-runner\bin'
[2026-04-07 16:37:20Z INFO HostContext] Well known directory 'Root': 'C:\Users\7dnjf\Desktop\오픈소스\HW2\actions-runner'
[2026-04-07 16:37:20Z INFO HostContext] Well known directory 'Work': 'C:\Users\7dnjf\Desktop\오픈소스\HW2\actions-runner\_work'
[2026-04-07 16:37:20Z INFO HostContext] Well known directory 'Actions': 'C:\Users\7dnjf\Desktop\오픈소스\HW2\actions-runner\_work\_actions'
[2026-04-07 16:37:20Z INFO ActionManager] Load action that reference repository from 'C:\Users\7dnjf\Desktop\오픈소스\HW2\actions-runner\_work\_actions\docker\login-action\v3'
[2026-04-07 16:37:20Z INFO HostContext] Well known directory 'Bin': 'C:\Users\7dnjf\Desktop\오픈소스\HW2\actions-runner\bin'
[2026-04-07 16:37:20Z INFO HostContext] Well known directory 'Root': 'C:\Users\7dnjf\Desktop\오픈소스\HW2\actions-runner'
[2026-04-07 16:37:20Z INFO HostContext] Well known directory 'Work': 'C:\Users\7dnjf\Desktop\오픈소스\HW2\actions-runner\_work'
[2026-04-07 16:37:20Z INFO HostContext] Well known directory 'Actions': 'C:\Users\7dnjf\Desktop\오픈소스\HW2\actions-runner\_work\_actions'
[2026-04-07 16:37:20Z INFO ActionManifestManagerLegacy] Ignore action property author.
[2026-04-07 16:37:20Z INFO ActionManifestManagerLegacy] Ignore action property branding.
[2026-04-07 16:37:20Z INFO ActionManifestManagerLegacy] Loaded action.yml file: {
  "name": "Docker Login",
  "description": "GitHub Action to login against a Docker registry",
  "inputs": {
    "type": 2,
    "map": [
      {
        "key": {
          "type": 0,
          "file": 4,
          "line": 10,
          "col": 3,
          "lit": "registry"
        },
        "value": ""
      },
      {
        "key": {
          "type": 0,
          "file": 4,
          "line": 13,
          "col": 3,
          "lit": "username"
        },
        "value": ""
      },
      {
        "key": {
          "type": 0,
          "file": 4,
          "line": 16,
          "col": 3,
          "lit": "password"
        },
        "value": ""
      },
      {
        "key": {
          "type": 0,
          "file": 4,
          "line": 19,
          "col": 3,
          "lit": "ecr"
        },
        "value": ""
      },
      {
        "key": {
          "type": 0,
          "file": 4,
          "line": 22,
          "col": 3,
          "lit": "scope"
        },
        "value": ""
      },
      {
        "key": {
          "type": 0,
          "file": 4,
          "line": 25,
          "col": 3,
          "lit": "logout"
        },
        "value": {
          "type": 0,
          "file": 4,
          "line": 27,
          "col": 14,
          "lit": "true"
        }
      },
      {
        "key": {
          "type": 0,
          "file": 4,
          "line": 29,
          "col": 3,
          "lit": "registry-auth"
        },
        "value": ""
      }
    ]
  },
  "execution": {
    "executionType": "nodeJS",
    "hasPre": false,
    "hasPost": true,
    "script": "dist/index.js",
    "pre": null,
    "post": "dist/index.js",
    "nodeVersion": "node20",
    "cleanupCondition": "always()",
    "initCondition": "always()"
  },
  "deprecated": null
}
[2026-04-07 16:37:20Z INFO ActionManager] Action pre node.js file: N/A.
[2026-04-07 16:37:20Z INFO ActionManager] Action node.js file: dist/index.js.
[2026-04-07 16:37:20Z INFO ActionManager] Action post node.js file: dist/index.js.
[2026-04-07 16:37:20Z INFO HostContext] Well known directory 'Bin': 'C:\Users\7dnjf\Desktop\오픈소스\HW2\actions-runner\bin'
[2026-04-07 16:37:20Z INFO HostContext] Well known directory 'Root': 'C:\Users\7dnjf\Desktop\오픈소스\HW2\actions-runner'
[2026-04-07 16:37:20Z INFO HostContext] Well known directory 'Work': 'C:\Users\7dnjf\Desktop\오픈소스\HW2\actions-runner\_work'
[2026-04-07 16:37:20Z INFO HostContext] Well known directory 'Actions': 'C:\Users\7dnjf\Desktop\오픈소스\HW2\actions-runner\_work\_actions'
[2026-04-07 16:37:20Z INFO HostContext] Well known directory 'Bin': 'C:\Users\7dnjf\Desktop\오픈소스\HW2\actions-runner\bin'
[2026-04-07 16:37:20Z INFO HostContext] Well known directory 'Root': 'C:\Users\7dnjf\Desktop\오픈소스\HW2\actions-runner'
[2026-04-07 16:37:20Z INFO HostContext] Well known directory 'Work': 'C:\Users\7dnjf\Desktop\오픈소스\HW2\actions-runner\_work'
[2026-04-07 16:37:20Z INFO HostContext] Well known directory 'Actions': 'C:\Users\7dnjf\Desktop\오픈소스\HW2\actions-runner\_work\_actions'
[2026-04-07 16:37:20Z INFO ActionManifestManagerLegacy] Ignore action property author.
[2026-04-07 16:37:20Z INFO ActionManifestManagerLegacy] Ignore action property branding.
[2026-04-07 16:37:20Z INFO ActionManifestManagerLegacy] Loaded action.yml file: {
  "name": "Build and push Docker images",
  "description": "Build and push Docker images with Buildx",
  "inputs": {
    "type": 2,
    "map": [
      {
        "key": {
          "type": 0,
          "file": 5,
          "line": 10,
          "col": 3,
          "lit": "add-hosts"
        },
        "value": ""
      },
      {
        "key": {
          "type": 0,
          "file": 5,
          "line": 13,
          "col": 3,
          "lit": "allow"
        },
        "value": ""
      },
      {
        "key": {
          "type": 0,
          "file": 5,
          "line": 16,
          "col": 3,
          "lit": "annotations"
        },
        "value": ""
      },
      {
        "key": {
          "type": 0,
          "file": 5,
          "line": 19,
          "col": 3,
          "lit": "attests"
        },
        "value": ""
      },
      {
        "key": {
          "type": 0,
          "file": 5,
          "line": 22,
          "col": 3,
          "lit": "build-args"
        },
        "value": ""
      },
      {
        "key": {
          "type": 0,
          "file": 5,
          "line": 25,
          "col": 3,
          "lit": "build-contexts"
        },
        "value": ""
      },
      {
        "key": {
          "type": 0,
          "file": 5,
          "line": 28,
          "col": 3,
          "lit": "builder"
        },
        "value": ""
      },
      {
        "key": {
          "type": 0,
          "file": 5,
          "line": 31,
          "col": 3,
          "lit": "cache-from"
        },
        "value": ""
      },
      {
        "key": {
          "type": 0,
          "file": 5,
          "line": 34,
          "col": 3,
          "lit": "cache-to"
        },
        "value": ""
      },
      {
        "key": {
          "type": 0,
          "file": 5,
          "line": 37,
          "col": 3,
          "lit": "cgroup-parent"
        },
        "value": ""
      },
      {
        "key": {
          "type": 0,
          "file": 5,
          "line": 40,
          "col": 3,
          "lit": "context"
        },
        "value": ""
      },
      {
        "key": {
          "type": 0,
          "file": 5,
          "line": 43,
          "col": 3,
          "lit": "file"
        },
        "value": ""
      },
      {
        "key": {
          "type": 0,
          "file": 5,
          "line": 46,
          "col": 3,
          "lit": "labels"
        },
        "value": ""
      },
      {
        "key": {
          "type": 0,
          "file": 5,
          "line": 49,
          "col": 3,
          "lit": "load"
        },
        "value": {
          "type": 0,
          "file": 5,
          "line": 52,
          "col": 14,
          "lit": "false"
        }
      },
      {
        "key": {
          "type": 0,
          "file": 5,
          "line": 53,
          "col": 3,
          "lit": "network"
        },
        "value": ""
      },
      {
        "key": {
          "type": 0,
          "file": 5,
          "line": 56,
          "col": 3,
          "lit": "no-cache"
        },
        "value": {
          "type": 0,
          "file": 5,
          "line": 59,
          "col": 14,
          "lit": "false"
        }
      },
      {
        "key": {
          "type": 0,
          "file": 5,
          "line": 60,
          "col": 3,
          "lit": "no-cache-filters"
        },
        "value": ""
      },
      {
        "key": {
          "type": 0,
          "file": 5,
          "line": 63,
          "col": 3,
          "lit": "outputs"
        },
        "value": ""
      },
      {
        "key": {
          "type": 0,
          "file": 5,
          "line": 66,
          "col": 3,
          "lit": "platforms"
        },
        "value": ""
      },
      {
        "key": {
          "type": 0,
          "file": 5,
          "line": 69,
          "col": 3,
          "lit": "provenance"
        },
        "value": ""
      },
      {
        "key": {
          "type": 0,
          "file": 5,
          "line": 72,
          "col": 3,
          "lit": "pull"
        },
        "value": {
          "type": 0,
          "file": 5,
          "line": 75,
          "col": 14,
          "lit": "false"
        }
      },
      {
        "key": {
          "type": 0,
          "file": 5,
          "line": 76,
          "col": 3,
          "lit": "push"
        },
        "value": {
          "type": 0,
          "file": 5,
          "line": 79,
          "col": 14,
          "lit": "false"
        }
      },
      {
        "key": {
          "type": 0,
          "file": 5,
          "line": 80,
          "col": 3,
          "lit": "sbom"
        },
        "value": ""
      },
      {
        "key": {
          "type": 0,
          "file": 5,
          "line": 83,
          "col": 3,
          "lit": "secrets"
        },
        "value": ""
      },
      {
        "key": {
          "type": 0,
          "file": 5,
          "line": 86,
          "col": 3,
          "lit": "secret-envs"
        },
        "value": ""
      },
      {
        "key": {
          "type": 0,
          "file": 5,
          "line": 89,
          "col": 3,
          "lit": "secret-files"
        },
        "value": ""
      },
      {
        "key": {
          "type": 0,
          "file": 5,
          "line": 92,
          "col": 3,
          "lit": "shm-size"
        },
        "value": ""
      },
      {
        "key": {
          "type": 0,
          "file": 5,
          "line": 95,
          "col": 3,
          "lit": "ssh"
        },
        "value": ""
      },
      {
        "key": {
          "type": 0,
          "file": 5,
          "line": 98,
          "col": 3,
          "lit": "tags"
        },
        "value": ""
      },
      {
        "key": {
          "type": 0,
          "file": 5,
          "line": 101,
          "col": 3,
          "lit": "target"
        },
        "value": ""
      },
      {
        "key": {
          "type": 0,
          "file": 5,
          "line": 104,
          "col": 3,
          "lit": "ulimit"
        },
        "value": ""
      },
      {
        "key": {
          "type": 0,
          "file": 5,
          "line": 107,
          "col": 3,
          "lit": "github-token"
        },
        "value": {
          "type": 3,
          "file": 5,
          "line": 109,
          "col": 14,
          "expr": "github.token"
        }
      }
    ]
  },
  "execution": {
    "executionType": "nodeJS",
    "hasPre": false,
    "hasPost": true,
    "script": "dist/index.js",
    "pre": null,
    "post": "dist/index.js",
    "nodeVersion": "node20",
    "cleanupCondition": "always()",
    "initCondition": "always()"
  },
  "deprecated": null
}
[2026-04-07 16:37:20Z INFO ActionManager] Action node.js file: dist/index.js, no more preparation.
[2026-04-07 16:37:20Z INFO HostContext] Well known directory 'Bin': 'C:\Users\7dnjf\Desktop\오픈소스\HW2\actions-runner\bin'
[2026-04-07 16:37:20Z INFO HostContext] Well known directory 'Root': 'C:\Users\7dnjf\Desktop\오픈소스\HW2\actions-runner'
[2026-04-07 16:37:20Z INFO HostContext] Well known directory 'Work': 'C:\Users\7dnjf\Desktop\오픈소스\HW2\actions-runner\_work'
[2026-04-07 16:37:20Z INFO HostContext] Well known directory 'Actions': 'C:\Users\7dnjf\Desktop\오픈소스\HW2\actions-runner\_work\_actions'
[2026-04-07 16:37:20Z INFO ActionManager] Load action that reference repository from 'C:\Users\7dnjf\Desktop\오픈소스\HW2\actions-runner\_work\_actions\docker\build-push-action\v5'
[2026-04-07 16:37:20Z INFO HostContext] Well known directory 'Bin': 'C:\Users\7dnjf\Desktop\오픈소스\HW2\actions-runner\bin'
[2026-04-07 16:37:20Z INFO HostContext] Well known directory 'Root': 'C:\Users\7dnjf\Desktop\오픈소스\HW2\actions-runner'
[2026-04-07 16:37:20Z INFO HostContext] Well known directory 'Work': 'C:\Users\7dnjf\Desktop\오픈소스\HW2\actions-runner\_work'
[2026-04-07 16:37:20Z INFO HostContext] Well known directory 'Actions': 'C:\Users\7dnjf\Desktop\오픈소스\HW2\actions-runner\_work\_actions'
[2026-04-07 16:37:20Z INFO ActionManifestManagerLegacy] Ignore action property author.
[2026-04-07 16:37:20Z INFO ActionManifestManagerLegacy] Ignore action property branding.
[2026-04-07 16:37:20Z INFO ActionManifestManagerLegacy] Loaded action.yml file: {
  "name": "Build and push Docker images",
  "description": "Build and push Docker images with Buildx",
  "inputs": {
    "type": 2,
    "map": [
      {
        "key": {
          "type": 0,
          "file": 5,
          "line": 10,
          "col": 3,
          "lit": "add-hosts"
        },
        "value": ""
      },
      {
        "key": {
          "type": 0,
          "file": 5,
          "line": 13,
          "col": 3,
          "lit": "allow"
        },
        "value": ""
      },
      {
        "key": {
          "type": 0,
          "file": 5,
          "line": 16,
          "col": 3,
          "lit": "annotations"
        },
        "value": ""
      },
      {
        "key": {
          "type": 0,
          "file": 5,
          "line": 19,
          "col": 3,
          "lit": "attests"
        },
        "value": ""
      },
      {
        "key": {
          "type": 0,
          "file": 5,
          "line": 22,
          "col": 3,
          "lit": "build-args"
        },
        "value": ""
      },
      {
        "key": {
          "type": 0,
          "file": 5,
          "line": 25,
          "col": 3,
          "lit": "build-contexts"
        },
        "value": ""
      },
      {
        "key": {
          "type": 0,
          "file": 5,
          "line": 28,
          "col": 3,
          "lit": "builder"
        },
        "value": ""
      },
      {
        "key": {
          "type": 0,
          "file": 5,
          "line": 31,
          "col": 3,
          "lit": "cache-from"
        },
        "value": ""
      },
      {
        "key": {
          "type": 0,
          "file": 5,
          "line": 34,
          "col": 3,
          "lit": "cache-to"
        },
        "value": ""
      },
      {
        "key": {
          "type": 0,
          "file": 5,
          "line": 37,
          "col": 3,
          "lit": "cgroup-parent"
        },
        "value": ""
      },
      {
        "key": {
          "type": 0,
          "file": 5,
          "line": 40,
          "col": 3,
          "lit": "context"
        },
        "value": ""
      },
      {
        "key": {
          "type": 0,
          "file": 5,
          "line": 43,
          "col": 3,
          "lit": "file"
        },
        "value": ""
      },
      {
        "key": {
          "type": 0,
          "file": 5,
          "line": 46,
          "col": 3,
          "lit": "labels"
        },
        "value": ""
      },
      {
        "key": {
          "type": 0,
          "file": 5,
          "line": 49,
          "col": 3,
          "lit": "load"
        },
        "value": {
          "type": 0,
          "file": 5,
          "line": 52,
          "col": 14,
          "lit": "false"
        }
      },
      {
        "key": {
          "type": 0,
          "file": 5,
          "line": 53,
          "col": 3,
          "lit": "network"
        },
        "value": ""
      },
      {
        "key": {
          "type": 0,
          "file": 5,
          "line": 56,
          "col": 3,
          "lit": "no-cache"
        },
        "value": {
          "type": 0,
          "file": 5,
          "line": 59,
          "col": 14,
          "lit": "false"
        }
      },
      {
        "key": {
          "type": 0,
          "file": 5,
          "line": 60,
          "col": 3,
          "lit": "no-cache-filters"
        },
        "value": ""
      },
      {
        "key": {
          "type": 0,
          "file": 5,
          "line": 63,
          "col": 3,
          "lit": "outputs"
        },
        "value": ""
      },
      {
        "key": {
          "type": 0,
          "file": 5,
          "line": 66,
          "col": 3,
          "lit": "platforms"
        },
        "value": ""
      },
      {
        "key": {
          "type": 0,
          "file": 5,
          "line": 69,
          "col": 3,
          "lit": "provenance"
        },
        "value": ""
      },
      {
        "key": {
          "type": 0,
          "file": 5,
          "line": 72,
          "col": 3,
          "lit": "pull"
        },
        "value": {
          "type": 0,
          "file": 5,
          "line": 75,
          "col": 14,
          "lit": "false"
        }
      },
      {
        "key": {
          "type": 0,
          "file": 5,
          "line": 76,
          "col": 3,
          "lit": "push"
        },
        "value": {
          "type": 0,
          "file": 5,
          "line": 79,
          "col": 14,
          "lit": "false"
        }
      },
      {
        "key": {
          "type": 0,
          "file": 5,
          "line": 80,
          "col": 3,
          "lit": "sbom"
        },
        "value": ""
      },
      {
        "key": {
          "type": 0,
          "file": 5,
          "line": 83,
          "col": 3,
          "lit": "secrets"
        },
        "value": ""
      },
      {
        "key": {
          "type": 0,
          "file": 5,
          "line": 86,
          "col": 3,
          "lit": "secret-envs"
        },
        "value": ""
      },
      {
        "key": {
          "type": 0,
          "file": 5,
          "line": 89,
          "col": 3,
          "lit": "secret-files"
        },
        "value": ""
      },
      {
        "key": {
          "type": 0,
          "file": 5,
          "line": 92,
          "col": 3,
          "lit": "shm-size"
        },
        "value": ""
      },
      {
        "key": {
          "type": 0,
          "file": 5,
          "line": 95,
          "col": 3,
          "lit": "ssh"
        },
        "value": ""
      },
      {
        "key": {
          "type": 0,
          "file": 5,
          "line": 98,
          "col": 3,
          "lit": "tags"
        },
        "value": ""
      },
      {
        "key": {
          "type": 0,
          "file": 5,
          "line": 101,
          "col": 3,
          "lit": "target"
        },
        "value": ""
      },
      {
        "key": {
          "type": 0,
          "file": 5,
          "line": 104,
          "col": 3,
          "lit": "ulimit"
        },
        "value": ""
      },
      {
        "key": {
          "type": 0,
          "file": 5,
          "line": 107,
          "col": 3,
          "lit": "github-token"
        },
        "value": {
          "type": 3,
          "file": 5,
          "line": 109,
          "col": 14,
          "expr": "github.token"
        }
      }
    ]
  },
  "execution": {
    "executionType": "nodeJS",
    "hasPre": false,
    "hasPost": true,
    "script": "dist/index.js",
    "pre": null,
    "post": "dist/index.js",
    "nodeVersion": "node20",
    "cleanupCondition": "always()",
    "initCondition": "always()"
  },
  "deprecated": null
}
[2026-04-07 16:37:20Z INFO ActionManager] Action pre node.js file: N/A.
[2026-04-07 16:37:20Z INFO ActionManager] Action node.js file: dist/index.js.
[2026-04-07 16:37:20Z INFO ActionManager] Action post node.js file: dist/index.js.
[2026-04-07 16:37:20Z INFO JobExtension] Adding .
[2026-04-07 16:37:20Z INFO JobExtension] Adding .
[2026-04-07 16:37:20Z INFO JobExtension] Adding .
[2026-04-07 16:37:20Z INFO JobExtension] Adding .
[2026-04-07 16:37:20Z INFO HostContext] Well known directory 'Bin': 'C:\Users\7dnjf\Desktop\오픈소스\HW2\actions-runner\bin'
[2026-04-07 16:37:20Z INFO HostContext] Well known directory 'Root': 'C:\Users\7dnjf\Desktop\오픈소스\HW2\actions-runner'
[2026-04-07 16:37:20Z INFO HostContext] Well known directory 'Diag': 'C:\Users\7dnjf\Desktop\오픈소스\HW2\actions-runner\_diag'
[2026-04-07 16:37:20Z INFO HostContext] Well known directory 'Bin': 'C:\Users\7dnjf\Desktop\오픈소스\HW2\actions-runner\bin'
[2026-04-07 16:37:20Z INFO HostContext] Well known directory 'Root': 'C:\Users\7dnjf\Desktop\오픈소스\HW2\actions-runner'
[2026-04-07 16:37:20Z INFO HostContext] Well known directory 'Diag': 'C:\Users\7dnjf\Desktop\오픈소스\HW2\actions-runner\_diag'
[2026-04-07 16:37:20Z INFO HostContext] Well known directory 'Bin': 'C:\Users\7dnjf\Desktop\오픈소스\HW2\actions-runner\bin'
[2026-04-07 16:37:20Z INFO HostContext] Well known directory 'Root': 'C:\Users\7dnjf\Desktop\오픈소스\HW2\actions-runner'
[2026-04-07 16:37:20Z INFO HostContext] Well known directory 'Diag': 'C:\Users\7dnjf\Desktop\오픈소스\HW2\actions-runner\_diag'
[2026-04-07 16:37:20Z INFO HostContext] Well known directory 'Bin': 'C:\Users\7dnjf\Desktop\오픈소스\HW2\actions-runner\bin'
[2026-04-07 16:37:20Z INFO HostContext] Well known directory 'Root': 'C:\Users\7dnjf\Desktop\오픈소스\HW2\actions-runner'
[2026-04-07 16:37:20Z INFO HostContext] Well known directory 'Diag': 'C:\Users\7dnjf\Desktop\오픈소스\HW2\actions-runner\_diag'
[2026-04-07 16:37:20Z INFO HostContext] Well known directory 'Bin': 'C:\Users\7dnjf\Desktop\오픈소스\HW2\actions-runner\bin'
[2026-04-07 16:37:20Z INFO HostContext] Well known directory 'Root': 'C:\Users\7dnjf\Desktop\오픈소스\HW2\actions-runner'
[2026-04-07 16:37:20Z INFO HostContext] Well known directory 'Diag': 'C:\Users\7dnjf\Desktop\오픈소스\HW2\actions-runner\_diag'
[2026-04-07 16:37:20Z INFO HostContext] Well known directory 'Bin': 'C:\Users\7dnjf\Desktop\오픈소스\HW2\actions-runner\bin'
[2026-04-07 16:37:20Z INFO HostContext] Well known directory 'Root': 'C:\Users\7dnjf\Desktop\오픈소스\HW2\actions-runner'
[2026-04-07 16:37:20Z INFO HostContext] Well known directory 'Diag': 'C:\Users\7dnjf\Desktop\오픈소스\HW2\actions-runner\_diag'
[2026-04-07 16:37:20Z INFO HostContext] Well known directory 'Bin': 'C:\Users\7dnjf\Desktop\오픈소스\HW2\actions-runner\bin'
[2026-04-07 16:37:20Z INFO HostContext] Well known directory 'Root': 'C:\Users\7dnjf\Desktop\오픈소스\HW2\actions-runner'
[2026-04-07 16:37:20Z INFO HostContext] Well known directory 'Diag': 'C:\Users\7dnjf\Desktop\오픈소스\HW2\actions-runner\_diag'
[2026-04-07 16:37:20Z INFO HostContext] Well known directory 'Bin': 'C:\Users\7dnjf\Desktop\오픈소스\HW2\actions-runner\bin'
[2026-04-07 16:37:20Z INFO HostContext] Well known directory 'Root': 'C:\Users\7dnjf\Desktop\오픈소스\HW2\actions-runner'
[2026-04-07 16:37:20Z INFO HostContext] Well known directory 'Diag': 'C:\Users\7dnjf\Desktop\오픈소스\HW2\actions-runner\_diag'
[2026-04-07 16:37:20Z INFO JobExtension] Total accessible running process: 285.
[2026-04-07 16:37:20Z INFO HostContext] Well known directory 'Bin': 'C:\Users\7dnjf\Desktop\오픈소스\HW2\actions-runner\bin'
[2026-04-07 16:37:20Z INFO HostContext] Well known directory 'Root': 'C:\Users\7dnjf\Desktop\오픈소스\HW2\actions-runner'
[2026-04-07 16:37:20Z INFO HostContext] Well known directory 'Work': 'C:\Users\7dnjf\Desktop\오픈소스\HW2\actions-runner\_work'
[2026-04-07 16:37:20Z INFO JobExtension] Start checking server connectivity.
[2026-04-07 16:37:20Z INFO JobExtension] Check server connectivity for https://broker.actions.githubusercontent.com/health.
[2026-04-07 16:37:20Z INFO JobExtension] Check server connectivity for https://token.actions.githubusercontent.com/ready.
[2026-04-07 16:37:20Z INFO JobExtension] Check server connectivity for https://run.actions.githubusercontent.com/health.
[2026-04-07 16:37:20Z INFO JobExtension] Start checking service connectivity in background.
[2026-04-07 16:37:20Z INFO ExecutionContext] Publish step telemetry for current step {
  "action": "setup_job",
  "type": "runner",
  "stage": "Pre",
  "stepId": "801f4c72-9a80-4715-b263-03a6504a75de",
  "result": "succeeded",
  "errorMessages": [],
  "executionTimeInSeconds": 11,
  "startTime": "2026-04-07T16:37:09.5034581Z",
  "finishTime": "2026-04-07T16:37:20.4839665Z"
}.
[2026-04-07 16:37:20Z INFO JobRunner] Total job steps: 4.
[2026-04-07 16:37:20Z INFO JobRunner] Run all job steps.
[2026-04-07 16:37:20Z INFO StepsRunner] Processing step: DisplayName='Checkout Code'
[2026-04-07 16:37:20Z INFO StepsRunner] Evaluating: success()
[2026-04-07 16:37:20Z INFO StepsRunner] Result: true
[2026-04-07 16:37:20Z INFO StepsRunner] Starting the step.
[2026-04-07 16:37:20Z INFO HostContext] Well known directory 'Bin': 'C:\Users\7dnjf\Desktop\오픈소스\HW2\actions-runner\bin'
[2026-04-07 16:37:20Z INFO HostContext] Well known directory 'Root': 'C:\Users\7dnjf\Desktop\오픈소스\HW2\actions-runner'
[2026-04-07 16:37:20Z INFO HostContext] Well known directory 'Work': 'C:\Users\7dnjf\Desktop\오픈소스\HW2\actions-runner\_work'
[2026-04-07 16:37:20Z INFO StepsRunner] Which2: 'chcp'
[2026-04-07 16:37:20Z INFO StepsRunner] Location: 'C:\Windows\system32\chcp.COM'
[2026-04-07 16:37:20Z INFO ProcessInvokerWrapper] Starting process:
[2026-04-07 16:37:20Z INFO ProcessInvokerWrapper]   File name: 'C:\Windows\system32\chcp.COM'
[2026-04-07 16:37:20Z INFO ProcessInvokerWrapper]   Arguments: '65001'
[2026-04-07 16:37:20Z INFO ProcessInvokerWrapper]   Working directory: 'C:\Users\7dnjf\Desktop\오픈소스\HW2\actions-runner\_work'
[2026-04-07 16:37:20Z INFO ProcessInvokerWrapper]   Require exit code zero: 'False'
[2026-04-07 16:37:20Z INFO ProcessInvokerWrapper]   Encoding web name:  ; code page: ''
[2026-04-07 16:37:20Z INFO ProcessInvokerWrapper]   Force kill process on cancellation: 'False'
[2026-04-07 16:37:20Z INFO ProcessInvokerWrapper]   Redirected STDIN: 'False'
[2026-04-07 16:37:20Z INFO ProcessInvokerWrapper]   Persist current code page: 'True'
[2026-04-07 16:37:20Z INFO ProcessInvokerWrapper]   Keep redirected STDIN open: 'False'
[2026-04-07 16:37:20Z INFO ProcessInvokerWrapper]   High priority process: 'False'
[2026-04-07 16:37:20Z INFO ProcessInvokerWrapper] Process started with process id 15740, waiting for process exit.
[2026-04-07 16:37:20Z INFO JobServerQueue] Got a step log file to send to results service.
[2026-04-07 16:37:20Z INFO JobServerQueue] Starting upload of step log file to results service ResultsLog, C:\Users\7dnjf\Desktop\오픈소스\HW2\actions-runner\_diag\blocks\b1cfe245-2cfd-4faa-8ae1-6156476f9bb1_801f4c72-9a80-4715-b263-03a6504a75de.1
[2026-04-07 16:37:20Z INFO JobServerQueue] Try to upload 1 log files or attachments, success rate: 1/1.
[2026-04-07 16:37:20Z INFO ProcessInvokerWrapper] STDOUT/STDERR stream read finished.
[2026-04-07 16:37:20Z INFO ProcessInvokerWrapper] STDOUT/STDERR stream read finished.
[2026-04-07 16:37:20Z INFO ProcessInvokerWrapper] Finished process 15740 with exit code 0, and elapsed time 00:00:00.0755814.
[2026-04-07 16:37:20Z INFO StepsRunner] Successfully returned to code page 65001 (UTF8)
[2026-04-07 16:37:20Z INFO HostContext] Well known directory 'Bin': 'C:\Users\7dnjf\Desktop\오픈소스\HW2\actions-runner\bin'
[2026-04-07 16:37:20Z INFO HostContext] Well known directory 'Root': 'C:\Users\7dnjf\Desktop\오픈소스\HW2\actions-runner'
[2026-04-07 16:37:20Z INFO HostContext] Well known directory 'Work': 'C:\Users\7dnjf\Desktop\오픈소스\HW2\actions-runner\_work'
[2026-04-07 16:37:20Z INFO HostContext] Well known directory 'Actions': 'C:\Users\7dnjf\Desktop\오픈소스\HW2\actions-runner\_work\_actions'
[2026-04-07 16:37:20Z INFO ActionManager] Load action that reference repository from 'C:\Users\7dnjf\Desktop\오픈소스\HW2\actions-runner\_work\_actions\actions\checkout\v4'
[2026-04-07 16:37:20Z INFO HostContext] Well known directory 'Bin': 'C:\Users\7dnjf\Desktop\오픈소스\HW2\actions-runner\bin'
[2026-04-07 16:37:20Z INFO HostContext] Well known directory 'Root': 'C:\Users\7dnjf\Desktop\오픈소스\HW2\actions-runner'
[2026-04-07 16:37:20Z INFO HostContext] Well known directory 'Work': 'C:\Users\7dnjf\Desktop\오픈소스\HW2\actions-runner\_work'
[2026-04-07 16:37:20Z INFO HostContext] Well known directory 'Actions': 'C:\Users\7dnjf\Desktop\오픈소스\HW2\actions-runner\_work\_actions'
[2026-04-07 16:37:20Z INFO ActionManifestManagerLegacy] Loaded action.yml file: {
  "name": "Checkout",
  "description": "Checkout a Git repository at a particular version",
  "inputs": {
    "type": 2,
    "map": [
      {
        "key": {
          "type": 0,
          "file": 2,
          "line": 4,
          "col": 3,
          "lit": "repository"
        },
        "value": {
          "type": 3,
          "file": 2,
          "line": 6,
          "col": 14,
          "expr": "github.repository"
        }
      },
      {
        "key": {
          "type": 0,
          "file": 2,
          "line": 7,
          "col": 3,
          "lit": "ref"
        },
        "value": ""
      },
      {
        "key": {
          "type": 0,
          "file": 2,
          "line": 12,
          "col": 3,
          "lit": "token"
        },
        "value": {
          "type": 3,
          "file": 2,
          "line": 24,
          "col": 14,
          "expr": "github.token"
        }
      },
      {
        "key": {
          "type": 0,
          "file": 2,
          "line": 25,
          "col": 3,
          "lit": "ssh-key"
        },
        "value": ""
      },
      {
        "key": {
          "type": 0,
          "file": 2,
          "line": 37,
          "col": 3,
          "lit": "ssh-known-hosts"
        },
        "value": ""
      },
      {
        "key": {
          "type": 0,
          "file": 2,
          "line": 42,
          "col": 3,
          "lit": "ssh-strict"
        },
        "value": {
          "type": 0,
          "file": 2,
          "line": 47,
          "col": 14,
          "lit": "true"
        }
      },
      {
        "key": {
          "type": 0,
          "file": 2,
          "line": 48,
          "col": 3,
          "lit": "ssh-user"
        },
        "value": {
          "type": 0,
          "file": 2,
          "line": 51,
          "col": 14,
          "lit": "git"
        }
      },
      {
        "key": {
          "type": 0,
          "file": 2,
          "line": 52,
          "col": 3,
          "lit": "persist-credentials"
        },
        "value": {
          "type": 0,
          "file": 2,
          "line": 54,
          "col": 14,
          "lit": "true"
        }
      },
      {
        "key": {
          "type": 0,
          "file": 2,
          "line": 55,
          "col": 3,
          "lit": "path"
        },
        "value": ""
      },
      {
        "key": {
          "type": 0,
          "file": 2,
          "line": 57,
          "col": 3,
          "lit": "clean"
        },
        "value": {
          "type": 0,
          "file": 2,
          "line": 59,
          "col": 14,
          "lit": "true"
        }
      },
      {
        "key": {
          "type": 0,
          "file": 2,
          "line": 60,
          "col": 3,
          "lit": "filter"
        },
        "value": {
          "type": 0,
          "file": 2,
          "line": 64,
          "col": 14,
          "lit": ""
        }
      },
      {
        "key": {
          "type": 0,
          "file": 2,
          "line": 65,
          "col": 3,
          "lit": "sparse-checkout"
        },
        "value": {
          "type": 0,
          "file": 2,
          "line": 69,
          "col": 14,
          "lit": ""
        }
      },
      {
        "key": {
          "type": 0,
          "file": 2,
          "line": 70,
          "col": 3,
          "lit": "sparse-checkout-cone-mode"
        },
        "value": {
          "type": 0,
          "file": 2,
          "line": 73,
          "col": 14,
          "lit": "true"
        }
      },
      {
        "key": {
          "type": 0,
          "file": 2,
          "line": 74,
          "col": 3,
          "lit": "fetch-depth"
        },
        "value": {
          "type": 0,
          "file": 2,
          "line": 76,
          "col": 14,
          "lit": "1"
        }
      },
      {
        "key": {
          "type": 0,
          "file": 2,
          "line": 77,
          "col": 3,
          "lit": "fetch-tags"
        },
        "value": {
          "type": 0,
          "file": 2,
          "line": 79,
          "col": 14,
          "lit": "false"
        }
      },
      {
        "key": {
          "type": 0,
          "file": 2,
          "line": 80,
          "col": 3,
          "lit": "show-progress"
        },
        "value": {
          "type": 0,
          "file": 2,
          "line": 82,
          "col": 14,
          "lit": "true"
        }
      },
      {
        "key": {
          "type": 0,
          "file": 2,
          "line": 83,
          "col": 3,
          "lit": "lfs"
        },
        "value": {
          "type": 0,
          "file": 2,
          "line": 85,
          "col": 14,
          "lit": "false"
        }
      },
      {
        "key": {
          "type": 0,
          "file": 2,
          "line": 86,
          "col": 3,
          "lit": "submodules"
        },
        "value": {
          "type": 0,
          "file": 2,
          "line": 94,
          "col": 14,
          "lit": "false"
        }
      },
      {
        "key": {
          "type": 0,
          "file": 2,
          "line": 95,
          "col": 3,
          "lit": "set-safe-directory"
        },
        "value": {
          "type": 0,
          "file": 2,
          "line": 97,
          "col": 14,
          "lit": "true"
        }
      },
      {
        "key": {
          "type": 0,
          "file": 2,
          "line": 98,
          "col": 3,
          "lit": "github-server-url"
        },
        "value": ""
      }
    ]
  },
  "execution": {
    "executionType": "nodeJS",
    "hasPre": false,
    "hasPost": true,
    "script": "dist/index.js",
    "pre": null,
    "post": "dist/index.js",
    "nodeVersion": "node20",
    "cleanupCondition": "always()",
    "initCondition": "always()"
  },
  "deprecated": null
}
[2026-04-07 16:37:20Z INFO ActionManager] Action pre node.js file: N/A.
[2026-04-07 16:37:20Z INFO ActionManager] Action node.js file: dist/index.js.
[2026-04-07 16:37:20Z INFO ActionManager] Action post node.js file: dist/index.js.
[2026-04-07 16:37:20Z INFO ExecutionContext] Reserve record order 6 to 10 for post job actions.
[2026-04-07 16:37:20Z INFO HostContext] Well known directory 'Bin': 'C:\Users\7dnjf\Desktop\오픈소스\HW2\actions-runner\bin'
[2026-04-07 16:37:20Z INFO HostContext] Well known directory 'Root': 'C:\Users\7dnjf\Desktop\오픈소스\HW2\actions-runner'
[2026-04-07 16:37:20Z INFO HostContext] Well known directory 'Diag': 'C:\Users\7dnjf\Desktop\오픈소스\HW2\actions-runner\_diag'
[2026-04-07 16:37:20Z INFO HostContext] Well known directory 'Bin': 'C:\Users\7dnjf\Desktop\오픈소스\HW2\actions-runner\bin'
[2026-04-07 16:37:20Z INFO HostContext] Well known directory 'Root': 'C:\Users\7dnjf\Desktop\오픈소스\HW2\actions-runner'
[2026-04-07 16:37:20Z INFO HostContext] Well known directory 'Diag': 'C:\Users\7dnjf\Desktop\오픈소스\HW2\actions-runner\_diag'
[2026-04-07 16:37:20Z INFO HostContext] Well known directory 'Bin': 'C:\Users\7dnjf\Desktop\오픈소스\HW2\actions-runner\bin'
[2026-04-07 16:37:20Z INFO HostContext] Well known directory 'Root': 'C:\Users\7dnjf\Desktop\오픈소스\HW2\actions-runner'
[2026-04-07 16:37:20Z INFO HostContext] Well known directory 'Work': 'C:\Users\7dnjf\Desktop\오픈소스\HW2\actions-runner\_work'
[2026-04-07 16:37:20Z INFO HostContext] Well known directory 'Temp': 'C:\Users\7dnjf\Desktop\오픈소스\HW2\actions-runner\_work\_temp'
[2026-04-07 16:37:20Z INFO ExecutionContext] Write event payload to C:\Users\7dnjf\Desktop\오픈소스\HW2\actions-runner\_work\_temp\_github_workflow\event.json
[2026-04-07 16:37:20Z INFO JobServerQueue] Try to append 1 batches web console lines for record '801f4c72-9a80-4715-b263-03a6504a75de', success rate: 1/1.
[2026-04-07 16:37:20Z INFO HostContext] Well known directory 'Bin': 'C:\Users\7dnjf\Desktop\오픈소스\HW2\actions-runner\bin'
[2026-04-07 16:37:20Z INFO HostContext] Well known directory 'Root': 'C:\Users\7dnjf\Desktop\오픈소스\HW2\actions-runner'
[2026-04-07 16:37:20Z INFO HostContext] Well known directory 'Work': 'C:\Users\7dnjf\Desktop\오픈소스\HW2\actions-runner\_work'
[2026-04-07 16:37:20Z INFO HostContext] Well known directory 'Temp': 'C:\Users\7dnjf\Desktop\오픈소스\HW2\actions-runner\_work\_temp'
[2026-04-07 16:37:20Z INFO ExtensionManager] Getting extensions for interface: 'GitHub.Runner.Worker.IFileCommandExtension'
[2026-04-07 16:37:20Z INFO ExtensionManager] Creating instance: GitHub.Runner.Worker.AddPathFileCommand, Runner.Worker
[2026-04-07 16:37:20Z INFO ExtensionManager] Creating instance: GitHub.Runner.Worker.SetEnvFileCommand, Runner.Worker
[2026-04-07 16:37:20Z INFO ExtensionManager] Creating instance: GitHub.Runner.Worker.CreateStepSummaryCommand, Runner.Worker
[2026-04-07 16:37:20Z INFO ExtensionManager] Creating instance: GitHub.Runner.Worker.SaveStateFileCommand, Runner.Worker
[2026-04-07 16:37:20Z INFO ExtensionManager] Creating instance: GitHub.Runner.Worker.SetOutputFileCommand, Runner.Worker
[2026-04-07 16:37:20Z INFO ActionManifestManagerLegacy] Input 'repository': default value evaluate result: {
  "type": 0,
  "file": 2,
  "line": 6,
  "col": 14,
  "lit": "7dnjf1/HW2"
}
[2026-04-07 16:37:20Z INFO ActionManifestManagerLegacy] Input 'ref': default value evaluate result: ""
[2026-04-07 16:37:20Z INFO ActionManifestManagerLegacy] Input 'token': default value evaluate result: {
  "type": 0,
  "file": 2,
  "line": 24,
  "col": 14,
  "lit": "***"
}
[2026-04-07 16:37:20Z INFO ActionManifestManagerLegacy] Input 'ssh-key': default value evaluate result: ""
[2026-04-07 16:37:20Z INFO ActionManifestManagerLegacy] Input 'ssh-known-hosts': default value evaluate result: ""
[2026-04-07 16:37:20Z INFO ActionManifestManagerLegacy] Input 'ssh-strict': default value evaluate result: {
  "type": 0,
  "file": 2,
  "line": 47,
  "col": 14,
  "lit": "true"
}
[2026-04-07 16:37:20Z INFO ActionManifestManagerLegacy] Input 'ssh-user': default value evaluate result: {
  "type": 0,
  "file": 2,
  "line": 51,
  "col": 14,
  "lit": "git"
}
[2026-04-07 16:37:20Z INFO ActionManifestManagerLegacy] Input 'persist-credentials': default value evaluate result: {
  "type": 0,
  "file": 2,
  "line": 54,
  "col": 14,
  "lit": "true"
}
[2026-04-07 16:37:20Z INFO ActionManifestManagerLegacy] Input 'path': default value evaluate result: ""
[2026-04-07 16:37:20Z INFO ActionManifestManagerLegacy] Input 'clean': default value evaluate result: {
  "type": 0,
  "file": 2,
  "line": 59,
  "col": 14,
  "lit": "true"
}
[2026-04-07 16:37:20Z INFO ActionManifestManagerLegacy] Input 'filter': default value evaluate result: {
  "type": 0,
  "file": 2,
  "line": 64,
  "col": 14,
  "lit": ""
}
[2026-04-07 16:37:20Z INFO ActionManifestManagerLegacy] Input 'sparse-checkout': default value evaluate result: {
  "type": 0,
  "file": 2,
  "line": 69,
  "col": 14,
  "lit": ""
}
[2026-04-07 16:37:20Z INFO ActionManifestManagerLegacy] Input 'sparse-checkout-cone-mode': default value evaluate result: {
  "type": 0,
  "file": 2,
  "line": 73,
  "col": 14,
  "lit": "true"
}
[2026-04-07 16:37:20Z INFO ActionManifestManagerLegacy] Input 'fetch-depth': default value evaluate result: {
  "type": 0,
  "file": 2,
  "line": 76,
  "col": 14,
  "lit": "1"
}
[2026-04-07 16:37:20Z INFO ActionManifestManagerLegacy] Input 'fetch-tags': default value evaluate result: {
  "type": 0,
  "file": 2,
  "line": 79,
  "col": 14,
  "lit": "false"
}
[2026-04-07 16:37:20Z INFO ActionManifestManagerLegacy] Input 'show-progress': default value evaluate result: {
  "type": 0,
  "file": 2,
  "line": 82,
  "col": 14,
  "lit": "true"
}
[2026-04-07 16:37:20Z INFO ActionManifestManagerLegacy] Input 'lfs': default value evaluate result: {
  "type": 0,
  "file": 2,
  "line": 85,
  "col": 14,
  "lit": "false"
}
[2026-04-07 16:37:20Z INFO ActionManifestManagerLegacy] Input 'submodules': default value evaluate result: {
  "type": 0,
  "file": 2,
  "line": 94,
  "col": 14,
  "lit": "false"
}
[2026-04-07 16:37:20Z INFO ActionManifestManagerLegacy] Input 'set-safe-directory': default value evaluate result: {
  "type": 0,
  "file": 2,
  "line": 97,
  "col": 14,
  "lit": "true"
}
[2026-04-07 16:37:20Z INFO ActionManifestManagerLegacy] Input 'github-server-url': default value evaluate result: ""
[2026-04-07 16:37:20Z INFO ExtensionManager] Getting extensions for interface: 'GitHub.Runner.Worker.IActionCommandExtension'
[2026-04-07 16:37:20Z INFO ExtensionManager] Creating instance: GitHub.Runner.Worker.InternalPluginSetRepoPathCommandExtension, Runner.Worker
[2026-04-07 16:37:20Z INFO ExtensionManager] Creating instance: GitHub.Runner.Worker.SetEnvCommandExtension, Runner.Worker
[2026-04-07 16:37:20Z INFO ExtensionManager] Creating instance: GitHub.Runner.Worker.SetOutputCommandExtension, Runner.Worker
[2026-04-07 16:37:20Z INFO ExtensionManager] Creating instance: GitHub.Runner.Worker.SaveStateCommandExtension, Runner.Worker
[2026-04-07 16:37:20Z INFO ExtensionManager] Creating instance: GitHub.Runner.Worker.AddPathCommandExtension, Runner.Worker
[2026-04-07 16:37:20Z INFO ExtensionManager] Creating instance: GitHub.Runner.Worker.AddMaskCommandExtension, Runner.Worker
[2026-04-07 16:37:20Z INFO ExtensionManager] Creating instance: GitHub.Runner.Worker.AddMatcherCommandExtension, Runner.Worker
[2026-04-07 16:37:20Z INFO ExtensionManager] Creating instance: GitHub.Runner.Worker.RemoveMatcherCommandExtension, Runner.Worker
[2026-04-07 16:37:20Z INFO ExtensionManager] Creating instance: GitHub.Runner.Worker.WarningCommandExtension, Runner.Worker
[2026-04-07 16:37:20Z INFO ExtensionManager] Creating instance: GitHub.Runner.Worker.ErrorCommandExtension, Runner.Worker
[2026-04-07 16:37:20Z INFO ExtensionManager] Creating instance: GitHub.Runner.Worker.NoticeCommandExtension, Runner.Worker
[2026-04-07 16:37:20Z INFO ExtensionManager] Creating instance: GitHub.Runner.Worker.DebugCommandExtension, Runner.Worker
[2026-04-07 16:37:20Z INFO ExtensionManager] Creating instance: GitHub.Runner.Worker.GroupCommandExtension, Runner.Worker
[2026-04-07 16:37:20Z INFO ExtensionManager] Creating instance: GitHub.Runner.Worker.EndGroupCommandExtension, Runner.Worker
[2026-04-07 16:37:20Z INFO ExtensionManager] Creating instance: GitHub.Runner.Worker.EchoCommandExtension, Runner.Worker
[2026-04-07 16:37:20Z INFO ActionCommandManager] Register action command extension for command internal-set-repo-path
[2026-04-07 16:37:20Z INFO ActionCommandManager] Register action command extension for command set-env
[2026-04-07 16:37:20Z INFO ActionCommandManager] Register action command extension for command set-output
[2026-04-07 16:37:20Z INFO ActionCommandManager] Register action command extension for command save-state
[2026-04-07 16:37:20Z INFO ActionCommandManager] Register action command extension for command add-path
[2026-04-07 16:37:20Z INFO ActionCommandManager] Register action command extension for command add-mask
[2026-04-07 16:37:20Z INFO ActionCommandManager] Register action command extension for command add-matcher
[2026-04-07 16:37:20Z INFO ActionCommandManager] Register action command extension for command remove-matcher
[2026-04-07 16:37:20Z INFO ActionCommandManager] Register action command extension for command warning
[2026-04-07 16:37:20Z INFO ActionCommandManager] Register action command extension for command error
[2026-04-07 16:37:20Z INFO ActionCommandManager] Register action command extension for command notice
[2026-04-07 16:37:20Z INFO ActionCommandManager] Register action command extension for command debug
[2026-04-07 16:37:20Z INFO ActionCommandManager] Register action command extension for command group
[2026-04-07 16:37:20Z INFO ActionCommandManager] Register action command extension for command endgroup
[2026-04-07 16:37:20Z INFO ActionCommandManager] Register action command extension for command echo
[2026-04-07 16:37:20Z INFO HostContext] Well known directory 'Bin': 'C:\Users\7dnjf\Desktop\오픈소스\HW2\actions-runner\bin'
[2026-04-07 16:37:20Z INFO HostContext] Well known directory 'Root': 'C:\Users\7dnjf\Desktop\오픈소스\HW2\actions-runner'
[2026-04-07 16:37:20Z INFO HostContext] Well known directory 'Externals': 'C:\Users\7dnjf\Desktop\오픈소스\HW2\actions-runner\externals'
[2026-04-07 16:37:20Z INFO ProcessInvokerWrapper] Starting process:
[2026-04-07 16:37:20Z INFO ProcessInvokerWrapper]   File name: 'C:\Users\7dnjf\Desktop\오픈소스\HW2\actions-runner\externals\node20\bin\node.exe'
[2026-04-07 16:37:20Z INFO ProcessInvokerWrapper]   Arguments: '"C:\Users\7dnjf\Desktop\오픈소스\HW2\actions-runner\_work\_actions\actions\checkout\v4\dist/index.js"'
[2026-04-07 16:37:20Z INFO ProcessInvokerWrapper]   Working directory: 'C:\Users\7dnjf\Desktop\오픈소스\HW2\actions-runner\_work\HW2\HW2'
[2026-04-07 16:37:20Z INFO ProcessInvokerWrapper]   Require exit code zero: 'False'
[2026-04-07 16:37:20Z INFO ProcessInvokerWrapper]   Encoding web name: utf-8 ; code page: '65001'
[2026-04-07 16:37:20Z INFO ProcessInvokerWrapper]   Force kill process on cancellation: 'False'
[2026-04-07 16:37:20Z INFO ProcessInvokerWrapper]   Redirected STDIN: 'False'
[2026-04-07 16:37:20Z INFO ProcessInvokerWrapper]   Persist current code page: 'True'
[2026-04-07 16:37:20Z INFO ProcessInvokerWrapper]   Keep redirected STDIN open: 'False'
[2026-04-07 16:37:20Z INFO ProcessInvokerWrapper]   High priority process: 'False'
[2026-04-07 16:37:20Z INFO JobServerQueue] Try to append 1 batches web console lines for record 'b0d67e09-fc65-470b-8bab-0b8a7573d635', success rate: 1/1.
[2026-04-07 16:37:21Z INFO ProcessInvokerWrapper] Process started with process id 1756, waiting for process exit.
[2026-04-07 16:37:22Z INFO JobServerQueue] Tried to upload 1 file(s) to results, success rate: 1/1.
[2026-04-07 16:37:22Z INFO AddMaskCommandExtension] Add new secret mask with length of 76
[2026-04-07 16:37:22Z INFO JobServerQueue] Try to append 1 batches web console lines for record 'b0d67e09-fc65-470b-8bab-0b8a7573d635', success rate: 1/1.
[2026-04-07 16:37:23Z INFO JobServerQueue] Try to append 1 batches web console lines for record 'b0d67e09-fc65-470b-8bab-0b8a7573d635', success rate: 1/1.
[2026-04-07 16:37:23Z INFO JobServerQueue] Try to append 1 batches web console lines for record 'b0d67e09-fc65-470b-8bab-0b8a7573d635', success rate: 1/1.
[2026-04-07 16:37:24Z INFO JobServerQueue] Try to append 1 batches web console lines for record 'b0d67e09-fc65-470b-8bab-0b8a7573d635', success rate: 1/1.
[2026-04-07 16:37:25Z INFO JobServerQueue] Try to append 1 batches web console lines for record 'b0d67e09-fc65-470b-8bab-0b8a7573d635', success rate: 1/1.
[2026-04-07 16:37:25Z INFO JobServerQueue] Try to append 1 batches web console lines for record 'b0d67e09-fc65-470b-8bab-0b8a7573d635', success rate: 1/1.
[2026-04-07 16:37:30Z INFO HostContext] Well known directory 'Bin': 'C:\Users\7dnjf\Desktop\오픈소스\HW2\actions-runner\bin'
[2026-04-07 16:37:30Z INFO HostContext] Well known directory 'Root': 'C:\Users\7dnjf\Desktop\오픈소스\HW2\actions-runner'
[2026-04-07 16:37:30Z INFO HostContext] Well known directory 'Work': 'C:\Users\7dnjf\Desktop\오픈소스\HW2\actions-runner\_work'
[2026-04-07 16:37:40Z INFO HostContext] Well known directory 'Bin': 'C:\Users\7dnjf\Desktop\오픈소스\HW2\actions-runner\bin'
[2026-04-07 16:37:40Z INFO HostContext] Well known directory 'Root': 'C:\Users\7dnjf\Desktop\오픈소스\HW2\actions-runner'
[2026-04-07 16:37:40Z INFO HostContext] Well known directory 'Work': 'C:\Users\7dnjf\Desktop\오픈소스\HW2\actions-runner\_work'
[2026-04-07 16:37:50Z INFO HostContext] Well known directory 'Bin': 'C:\Users\7dnjf\Desktop\오픈소스\HW2\actions-runner\bin'
[2026-04-07 16:37:50Z INFO HostContext] Well known directory 'Root': 'C:\Users\7dnjf\Desktop\오픈소스\HW2\actions-runner'
[2026-04-07 16:37:50Z INFO HostContext] Well known directory 'Work': 'C:\Users\7dnjf\Desktop\오픈소스\HW2\actions-runner\_work'
[2026-04-07 16:37:50Z INFO JobServerQueue] Try to append 1 batches web console lines for record 'b0d67e09-fc65-470b-8bab-0b8a7573d635', success rate: 1/1.
[2026-04-07 16:37:51Z INFO JobServerQueue] Try to append 1 batches web console lines for record 'b0d67e09-fc65-470b-8bab-0b8a7573d635', success rate: 1/1.
[2026-04-07 16:37:52Z INFO JobServerQueue] Try to append 1 batches web console lines for record 'b0d67e09-fc65-470b-8bab-0b8a7573d635', success rate: 1/1.
[2026-04-07 16:37:52Z INFO JobServerQueue] Try to append 1 batches web console lines for record 'b0d67e09-fc65-470b-8bab-0b8a7573d635', success rate: 1/1.
[2026-04-07 16:37:53Z INFO JobServerQueue] Try to append 1 batches web console lines for record 'b0d67e09-fc65-470b-8bab-0b8a7573d635', success rate: 1/1.
[2026-04-07 16:37:53Z INFO ProcessInvokerWrapper] STDOUT/STDERR stream read finished.
[2026-04-07 16:37:53Z INFO ProcessInvokerWrapper] STDOUT/STDERR stream read finished.
[2026-04-07 16:37:53Z INFO ProcessInvokerWrapper] Finished process 1756 with exit code 0, and elapsed time 00:00:32.6256029.
[2026-04-07 16:37:53Z INFO CreateStepSummaryCommand] Step Summary file (C:\Users\7dnjf\Desktop\오픈소스\HW2\actions-runner\_work\_temp\_runner_file_commands\step_summary_32113512-c824-41da-8efe-6536a8c1796b) is empty; skipping attachment upload
[2026-04-07 16:37:53Z INFO StepsRunner] Step result: 
[2026-04-07 16:37:53Z INFO ExecutionContext] Publish step telemetry for current step {
  "action": "actions/checkout",
  "ref": "v4",
  "type": "node20",
  "stage": "Main",
  "stepId": "b0d67e09-fc65-470b-8bab-0b8a7573d635",
  "stepContextName": "__actions_checkout",
  "hasPreStep": false,
  "hasPostStep": true,
  "result": "succeeded",
  "errorMessages": [],
  "executionTimeInSeconds": 33,
  "startTime": "2026-04-07T16:37:20.5050986Z",
  "finishTime": "2026-04-07T16:37:53.3147503Z"
}.
[2026-04-07 16:37:53Z INFO StepsRunner] No need for updating job result with current step result 'Succeeded'.
[2026-04-07 16:37:53Z INFO StepsRunner] Current state: job state = ''
[2026-04-07 16:37:53Z INFO StepsRunner] Processing step: DisplayName='Set up Docker Buildx'
[2026-04-07 16:37:53Z INFO StepsRunner] Evaluating: success()
[2026-04-07 16:37:53Z INFO StepsRunner] Result: true
[2026-04-07 16:37:53Z INFO StepsRunner] Starting the step.
[2026-04-07 16:37:53Z INFO HostContext] Well known directory 'Bin': 'C:\Users\7dnjf\Desktop\오픈소스\HW2\actions-runner\bin'
[2026-04-07 16:37:53Z INFO HostContext] Well known directory 'Root': 'C:\Users\7dnjf\Desktop\오픈소스\HW2\actions-runner'
[2026-04-07 16:37:53Z INFO HostContext] Well known directory 'Work': 'C:\Users\7dnjf\Desktop\오픈소스\HW2\actions-runner\_work'
[2026-04-07 16:37:53Z INFO StepsRunner] Which2: 'chcp'
[2026-04-07 16:37:53Z INFO StepsRunner] Location: 'C:\Windows\system32\chcp.COM'
[2026-04-07 16:37:53Z INFO ProcessInvokerWrapper] Starting process:
[2026-04-07 16:37:53Z INFO ProcessInvokerWrapper]   File name: 'C:\Windows\system32\chcp.COM'
[2026-04-07 16:37:53Z INFO ProcessInvokerWrapper]   Arguments: '65001'
[2026-04-07 16:37:53Z INFO ProcessInvokerWrapper]   Working directory: 'C:\Users\7dnjf\Desktop\오픈소스\HW2\actions-runner\_work'
[2026-04-07 16:37:53Z INFO ProcessInvokerWrapper]   Require exit code zero: 'False'
[2026-04-07 16:37:53Z INFO ProcessInvokerWrapper]   Encoding web name:  ; code page: ''
[2026-04-07 16:37:53Z INFO ProcessInvokerWrapper]   Force kill process on cancellation: 'False'
[2026-04-07 16:37:53Z INFO ProcessInvokerWrapper]   Redirected STDIN: 'False'
[2026-04-07 16:37:53Z INFO ProcessInvokerWrapper]   Persist current code page: 'True'
[2026-04-07 16:37:53Z INFO ProcessInvokerWrapper]   Keep redirected STDIN open: 'False'
[2026-04-07 16:37:53Z INFO ProcessInvokerWrapper]   High priority process: 'False'
[2026-04-07 16:37:53Z INFO ProcessInvokerWrapper] Process started with process id 12764, waiting for process exit.
[2026-04-07 16:37:53Z INFO ProcessInvokerWrapper] STDOUT/STDERR stream read finished.
[2026-04-07 16:37:53Z INFO ProcessInvokerWrapper] STDOUT/STDERR stream read finished.
[2026-04-07 16:37:53Z INFO ProcessInvokerWrapper] Finished process 12764 with exit code 0, and elapsed time 00:00:00.0349267.
[2026-04-07 16:37:53Z INFO StepsRunner] Successfully returned to code page 65001 (UTF8)
[2026-04-07 16:37:53Z INFO HostContext] Well known directory 'Bin': 'C:\Users\7dnjf\Desktop\오픈소스\HW2\actions-runner\bin'
[2026-04-07 16:37:53Z INFO HostContext] Well known directory 'Root': 'C:\Users\7dnjf\Desktop\오픈소스\HW2\actions-runner'
[2026-04-07 16:37:53Z INFO HostContext] Well known directory 'Work': 'C:\Users\7dnjf\Desktop\오픈소스\HW2\actions-runner\_work'
[2026-04-07 16:37:53Z INFO HostContext] Well known directory 'Actions': 'C:\Users\7dnjf\Desktop\오픈소스\HW2\actions-runner\_work\_actions'
[2026-04-07 16:37:53Z INFO ActionManager] Load action that reference repository from 'C:\Users\7dnjf\Desktop\오픈소스\HW2\actions-runner\_work\_actions\docker\setup-buildx-action\v3'
[2026-04-07 16:37:53Z INFO HostContext] Well known directory 'Bin': 'C:\Users\7dnjf\Desktop\오픈소스\HW2\actions-runner\bin'
[2026-04-07 16:37:53Z INFO HostContext] Well known directory 'Root': 'C:\Users\7dnjf\Desktop\오픈소스\HW2\actions-runner'
[2026-04-07 16:37:53Z INFO HostContext] Well known directory 'Work': 'C:\Users\7dnjf\Desktop\오픈소스\HW2\actions-runner\_work'
[2026-04-07 16:37:53Z INFO HostContext] Well known directory 'Actions': 'C:\Users\7dnjf\Desktop\오픈소스\HW2\actions-runner\_work\_actions'
[2026-04-07 16:37:53Z INFO ActionManifestManagerLegacy] Ignore action property author.
[2026-04-07 16:37:53Z INFO ActionManifestManagerLegacy] Ignore action property branding.
[2026-04-07 16:37:53Z INFO ActionManifestManagerLegacy] Loaded action.yml file: {
  "name": "Docker Setup Buildx",
  "description": "Set up Docker Buildx",
  "inputs": {
    "type": 2,
    "map": [
      {
        "key": {
          "type": 0,
          "file": 3,
          "line": 10,
          "col": 3,
          "lit": "version"
        },
        "value": ""
      },
      {
        "key": {
          "type": 0,
          "file": 3,
          "line": 13,
          "col": 3,
          "lit": "driver"
        },
        "value": {
          "type": 0,
          "file": 3,
          "line": 15,
          "col": 14,
          "lit": "docker-container"
        }
      },
      {
        "key": {
          "type": 0,
          "file": 3,
          "line": 17,
          "col": 3,
          "lit": "driver-opts"
        },
        "value": ""
      },
      {
        "key": {
          "type": 0,
          "file": 3,
          "line": 20,
          "col": 3,
          "lit": "buildkitd-flags"
        },
        "value": ""
      },
      {
        "key": {
          "type": 0,
          "file": 3,
          "line": 23,
          "col": 3,
          "lit": "buildkitd-config"
        },
        "value": ""
      },
      {
        "key": {
          "type": 0,
          "file": 3,
          "line": 26,
          "col": 3,
          "lit": "buildkitd-config-inline"
        },
        "value": ""
      },
      {
        "key": {
          "type": 0,
          "file": 3,
          "line": 29,
          "col": 3,
          "lit": "use"
        },
        "value": {
          "type": 0,
          "file": 3,
          "line": 31,
          "col": 14,
          "lit": "true"
        }
      },
      {
        "key": {
          "type": 0,
          "file": 3,
          "line": 33,
          "col": 3,
          "lit": "name"
        },
        "value": ""
      },
      {
        "key": {
          "type": 0,
          "file": 3,
          "line": 36,
          "col": 3,
          "lit": "endpoint"
        },
        "value": ""
      },
      {
        "key": {
          "type": 0,
          "file": 3,
          "line": 39,
          "col": 3,
          "lit": "platforms"
        },
        "value": ""
      },
      {
        "key": {
          "type": 0,
          "file": 3,
          "line": 42,
          "col": 3,
          "lit": "append"
        },
        "value": ""
      },
      {
        "key": {
          "type": 0,
          "file": 3,
          "line": 45,
          "col": 3,
          "lit": "keep-state"
        },
        "value": {
          "type": 0,
          "file": 3,
          "line": 47,
          "col": 14,
          "lit": "false"
        }
      },
      {
        "key": {
          "type": 0,
          "file": 3,
          "line": 49,
          "col": 3,
          "lit": "cache-binary"
        },
        "value": {
          "type": 0,
          "file": 3,
          "line": 51,
          "col": 14,
          "lit": "true"
        }
      },
      {
        "key": {
          "type": 0,
          "file": 3,
          "line": 53,
          "col": 3,
          "lit": "cleanup"
        },
        "value": {
          "type": 0,
          "file": 3,
          "line": 55,
          "col": 14,
          "lit": "true"
        }
      },
      {
        "key": {
          "type": 0,
          "file": 3,
          "line": 58,
          "col": 3,
          "lit": "config"
        },
        "value": ""
      },
      {
        "key": {
          "type": 0,
          "file": 3,
          "line": 62,
          "col": 3,
          "lit": "config-inline"
        },
        "value": ""
      },
      {
        "key": {
          "type": 0,
          "file": 3,
          "line": 66,
          "col": 3,
          "lit": "install"
        },
        "value": {
          "type": 0,
          "file": 3,
          "line": 69,
          "col": 14,
          "lit": "false"
        }
      }
    ]
  },
  "execution": {
    "executionType": "nodeJS",
    "hasPre": false,
    "hasPost": true,
    "script": "dist/index.js",
    "pre": null,
    "post": "dist/index.js",
    "nodeVersion": "node20",
    "cleanupCondition": "always()",
    "initCondition": "always()"
  },
  "deprecated": {
    "config": "Use buildkitd-config instead",
    "config-inline": "Use buildkitd-config-inline instead",
    "install": "\"docker buildx install\" command is deprecated and will be removed in a future release, use BUILDX_BUILDER environment variable instead"
  }
}
[2026-04-07 16:37:53Z INFO ActionManager] Action pre node.js file: N/A.
[2026-04-07 16:37:53Z INFO ActionManager] Action node.js file: dist/index.js.
[2026-04-07 16:37:53Z INFO ActionManager] Action post node.js file: dist/index.js.
[2026-04-07 16:37:53Z INFO HostContext] Well known directory 'Bin': 'C:\Users\7dnjf\Desktop\오픈소스\HW2\actions-runner\bin'
[2026-04-07 16:37:53Z INFO HostContext] Well known directory 'Root': 'C:\Users\7dnjf\Desktop\오픈소스\HW2\actions-runner'
[2026-04-07 16:37:53Z INFO HostContext] Well known directory 'Diag': 'C:\Users\7dnjf\Desktop\오픈소스\HW2\actions-runner\_diag'
[2026-04-07 16:37:53Z INFO HostContext] Well known directory 'Bin': 'C:\Users\7dnjf\Desktop\오픈소스\HW2\actions-runner\bin'
[2026-04-07 16:37:53Z INFO HostContext] Well known directory 'Root': 'C:\Users\7dnjf\Desktop\오픈소스\HW2\actions-runner'
[2026-04-07 16:37:53Z INFO HostContext] Well known directory 'Diag': 'C:\Users\7dnjf\Desktop\오픈소스\HW2\actions-runner\_diag'
[2026-04-07 16:37:53Z INFO HostContext] Well known directory 'Bin': 'C:\Users\7dnjf\Desktop\오픈소스\HW2\actions-runner\bin'
[2026-04-07 16:37:53Z INFO HostContext] Well known directory 'Root': 'C:\Users\7dnjf\Desktop\오픈소스\HW2\actions-runner'
[2026-04-07 16:37:53Z INFO HostContext] Well known directory 'Work': 'C:\Users\7dnjf\Desktop\오픈소스\HW2\actions-runner\_work'
[2026-04-07 16:37:53Z INFO HostContext] Well known directory 'Temp': 'C:\Users\7dnjf\Desktop\오픈소스\HW2\actions-runner\_work\_temp'
[2026-04-07 16:37:53Z INFO ExecutionContext] Write event payload to C:\Users\7dnjf\Desktop\오픈소스\HW2\actions-runner\_work\_temp\_github_workflow\event.json
[2026-04-07 16:37:53Z INFO HostContext] Well known directory 'Bin': 'C:\Users\7dnjf\Desktop\오픈소스\HW2\actions-runner\bin'
[2026-04-07 16:37:53Z INFO HostContext] Well known directory 'Root': 'C:\Users\7dnjf\Desktop\오픈소스\HW2\actions-runner'
[2026-04-07 16:37:53Z INFO HostContext] Well known directory 'Work': 'C:\Users\7dnjf\Desktop\오픈소스\HW2\actions-runner\_work'
[2026-04-07 16:37:53Z INFO HostContext] Well known directory 'Temp': 'C:\Users\7dnjf\Desktop\오픈소스\HW2\actions-runner\_work\_temp'
[2026-04-07 16:37:53Z INFO ExtensionManager] Getting extensions for interface: 'GitHub.Runner.Worker.IFileCommandExtension'
[2026-04-07 16:37:53Z INFO ActionManifestManagerLegacy] Input 'version': default value evaluate result: ""
[2026-04-07 16:37:53Z INFO ActionManifestManagerLegacy] Input 'driver': default value evaluate result: {
  "type": 0,
  "file": 3,
  "line": 15,
  "col": 14,
  "lit": "docker-container"
}
[2026-04-07 16:37:53Z INFO ActionManifestManagerLegacy] Input 'driver-opts': default value evaluate result: ""
[2026-04-07 16:37:53Z INFO ActionManifestManagerLegacy] Input 'buildkitd-flags': default value evaluate result: ""
[2026-04-07 16:37:53Z INFO ActionManifestManagerLegacy] Input 'buildkitd-config': default value evaluate result: ""
[2026-04-07 16:37:53Z INFO ActionManifestManagerLegacy] Input 'buildkitd-config-inline': default value evaluate result: ""
[2026-04-07 16:37:53Z INFO ActionManifestManagerLegacy] Input 'use': default value evaluate result: {
  "type": 0,
  "file": 3,
  "line": 31,
  "col": 14,
  "lit": "true"
}
[2026-04-07 16:37:53Z INFO ActionManifestManagerLegacy] Input 'name': default value evaluate result: ""
[2026-04-07 16:37:53Z INFO ActionManifestManagerLegacy] Input 'endpoint': default value evaluate result: ""
[2026-04-07 16:37:53Z INFO ActionManifestManagerLegacy] Input 'platforms': default value evaluate result: ""
[2026-04-07 16:37:53Z INFO ActionManifestManagerLegacy] Input 'append': default value evaluate result: ""
[2026-04-07 16:37:53Z INFO ActionManifestManagerLegacy] Input 'keep-state': default value evaluate result: {
  "type": 0,
  "file": 3,
  "line": 47,
  "col": 14,
  "lit": "false"
}
[2026-04-07 16:37:53Z INFO ActionManifestManagerLegacy] Input 'cache-binary': default value evaluate result: {
  "type": 0,
  "file": 3,
  "line": 51,
  "col": 14,
  "lit": "true"
}
[2026-04-07 16:37:53Z INFO ActionManifestManagerLegacy] Input 'cleanup': default value evaluate result: {
  "type": 0,
  "file": 3,
  "line": 55,
  "col": 14,
  "lit": "true"
}
[2026-04-07 16:37:53Z INFO ActionManifestManagerLegacy] Input 'config': default value evaluate result: ""
[2026-04-07 16:37:53Z INFO ActionManifestManagerLegacy] Input 'config-inline': default value evaluate result: ""
[2026-04-07 16:37:53Z INFO ActionManifestManagerLegacy] Input 'install': default value evaluate result: {
  "type": 0,
  "file": 3,
  "line": 69,
  "col": 14,
  "lit": "false"
}
[2026-04-07 16:37:53Z INFO ExtensionManager] Getting extensions for interface: 'GitHub.Runner.Worker.IActionCommandExtension'
[2026-04-07 16:37:53Z INFO ActionCommandManager] Register action command extension for command internal-set-repo-path
[2026-04-07 16:37:53Z INFO ActionCommandManager] Register action command extension for command set-env
[2026-04-07 16:37:53Z INFO ActionCommandManager] Register action command extension for command set-output
[2026-04-07 16:37:53Z INFO ActionCommandManager] Register action command extension for command save-state
[2026-04-07 16:37:53Z INFO ActionCommandManager] Register action command extension for command add-path
[2026-04-07 16:37:53Z INFO ActionCommandManager] Register action command extension for command add-mask
[2026-04-07 16:37:53Z INFO ActionCommandManager] Register action command extension for command add-matcher
[2026-04-07 16:37:53Z INFO ActionCommandManager] Register action command extension for command remove-matcher
[2026-04-07 16:37:53Z INFO ActionCommandManager] Register action command extension for command warning
[2026-04-07 16:37:53Z INFO ActionCommandManager] Register action command extension for command error
[2026-04-07 16:37:53Z INFO ActionCommandManager] Register action command extension for command notice
[2026-04-07 16:37:53Z INFO ActionCommandManager] Register action command extension for command debug
[2026-04-07 16:37:53Z INFO ActionCommandManager] Register action command extension for command group
[2026-04-07 16:37:53Z INFO ActionCommandManager] Register action command extension for command endgroup
[2026-04-07 16:37:53Z INFO ActionCommandManager] Register action command extension for command echo
[2026-04-07 16:37:53Z INFO HostContext] Well known directory 'Bin': 'C:\Users\7dnjf\Desktop\오픈소스\HW2\actions-runner\bin'
[2026-04-07 16:37:53Z INFO HostContext] Well known directory 'Root': 'C:\Users\7dnjf\Desktop\오픈소스\HW2\actions-runner'
[2026-04-07 16:37:53Z INFO HostContext] Well known directory 'Externals': 'C:\Users\7dnjf\Desktop\오픈소스\HW2\actions-runner\externals'
[2026-04-07 16:37:53Z INFO ProcessInvokerWrapper] Starting process:
[2026-04-07 16:37:53Z INFO ProcessInvokerWrapper]   File name: 'C:\Users\7dnjf\Desktop\오픈소스\HW2\actions-runner\externals\node20\bin\node.exe'
[2026-04-07 16:37:53Z INFO ProcessInvokerWrapper]   Arguments: '"C:\Users\7dnjf\Desktop\오픈소스\HW2\actions-runner\_work\_actions\docker\setup-buildx-action\v3\dist/index.js"'
[2026-04-07 16:37:53Z INFO ProcessInvokerWrapper]   Working directory: 'C:\Users\7dnjf\Desktop\오픈소스\HW2\actions-runner\_work\HW2\HW2'
[2026-04-07 16:37:53Z INFO ProcessInvokerWrapper]   Require exit code zero: 'False'
[2026-04-07 16:37:53Z INFO ProcessInvokerWrapper]   Encoding web name: utf-8 ; code page: '65001'
[2026-04-07 16:37:53Z INFO ProcessInvokerWrapper]   Force kill process on cancellation: 'False'
[2026-04-07 16:37:53Z INFO ProcessInvokerWrapper]   Redirected STDIN: 'False'
[2026-04-07 16:37:53Z INFO ProcessInvokerWrapper]   Persist current code page: 'True'
[2026-04-07 16:37:53Z INFO ProcessInvokerWrapper]   Keep redirected STDIN open: 'False'
[2026-04-07 16:37:53Z INFO ProcessInvokerWrapper]   High priority process: 'False'
[2026-04-07 16:37:53Z INFO ProcessInvokerWrapper] Process started with process id 19496, waiting for process exit.
[2026-04-07 16:37:53Z INFO JobServerQueue] Try to append 1 batches web console lines for record 'b0d67e09-fc65-470b-8bab-0b8a7573d635', success rate: 1/1.
[2026-04-07 16:37:53Z INFO JobServerQueue] Try to append 1 batches web console lines for record '56f2f2dc-341a-4071-906e-a59641dbabcf', success rate: 1/1.
[2026-04-07 16:37:53Z INFO JobServerQueue] Got a step log file to send to results service.
[2026-04-07 16:37:53Z INFO JobServerQueue] Starting upload of step log file to results service ResultsLog, C:\Users\7dnjf\Desktop\오픈소스\HW2\actions-runner\_diag\blocks\b1cfe245-2cfd-4faa-8ae1-6156476f9bb1_b0d67e09-fc65-470b-8bab-0b8a7573d635.1
[2026-04-07 16:37:53Z INFO JobServerQueue] Try to upload 1 log files or attachments, success rate: 1/1.
[2026-04-07 16:37:54Z INFO JobServerQueue] Tried to upload 1 file(s) to results, success rate: 1/1.
[2026-04-07 16:37:54Z INFO JobServerQueue] Try to append 1 batches web console lines for record '56f2f2dc-341a-4071-906e-a59641dbabcf', success rate: 1/1.
[2026-04-07 16:37:55Z INFO JobServerQueue] Try to append 1 batches web console lines for record '56f2f2dc-341a-4071-906e-a59641dbabcf', success rate: 1/1.
[2026-04-07 16:37:56Z INFO JobServerQueue] Try to append 1 batches web console lines for record '56f2f2dc-341a-4071-906e-a59641dbabcf', success rate: 1/1.
[2026-04-07 16:38:00Z INFO HostContext] Well known directory 'Bin': 'C:\Users\7dnjf\Desktop\오픈소스\HW2\actions-runner\bin'
[2026-04-07 16:38:00Z INFO HostContext] Well known directory 'Root': 'C:\Users\7dnjf\Desktop\오픈소스\HW2\actions-runner'
[2026-04-07 16:38:00Z INFO HostContext] Well known directory 'Work': 'C:\Users\7dnjf\Desktop\오픈소스\HW2\actions-runner\_work'
[2026-04-07 16:38:07Z INFO JobServerQueue] Try to append 1 batches web console lines for record '56f2f2dc-341a-4071-906e-a59641dbabcf', success rate: 1/1.
[2026-04-07 16:38:07Z INFO JobServerQueue] Try to append 1 batches web console lines for record '56f2f2dc-341a-4071-906e-a59641dbabcf', success rate: 1/1.
[2026-04-07 16:38:08Z INFO JobServerQueue] Try to append 1 batches web console lines for record '56f2f2dc-341a-4071-906e-a59641dbabcf', success rate: 1/1.
[2026-04-07 16:38:08Z INFO JobServerQueue] Try to append 1 batches web console lines for record '56f2f2dc-341a-4071-906e-a59641dbabcf', success rate: 1/1.
[2026-04-07 16:38:08Z INFO ProcessInvokerWrapper] STDOUT/STDERR stream read finished.
[2026-04-07 16:38:08Z INFO ProcessInvokerWrapper] STDOUT/STDERR stream read finished.
[2026-04-07 16:38:08Z INFO ProcessInvokerWrapper] Finished process 19496 with exit code 1, and elapsed time 00:00:15.1216212.
[2026-04-07 16:38:08Z INFO CreateStepSummaryCommand] Step Summary file (C:\Users\7dnjf\Desktop\오픈소스\HW2\actions-runner\_work\_temp\_runner_file_commands\step_summary_599929dc-c3ce-4e3b-ab7b-c72e51bdb37a) is empty; skipping attachment upload
[2026-04-07 16:38:08Z INFO StepsRunner] Step result: Failed
[2026-04-07 16:38:08Z INFO ExecutionContext] Publish step telemetry for current step {
  "action": "docker/setup-buildx-action",
  "ref": "v3",
  "type": "node20",
  "stage": "Main",
  "stepId": "56f2f2dc-341a-4071-906e-a59641dbabcf",
  "stepContextName": "__docker_setup-buildx-action",
  "hasPreStep": false,
  "hasPostStep": true,
  "result": "failed",
  "errorMessages": [
    "ERROR: failed to initialize builder builder-10c58578-e336-4fdf-92ef-7d254317d1f5 (builder-10c58578-e336-4fdf-92ef-7d254317d1f50): failed to connect to the docker API at npipe:////./pipe/docker_engine; check if the path is correct and if the daemon is runni"
  ],
  "executionTimeInSeconds": 16,
  "startTime": "2026-04-07T16:37:53.3168814Z",
  "finishTime": "2026-04-07T16:38:08.5150094Z"
}.
[2026-04-07 16:38:08Z INFO StepsRunner] Update job result with current step result 'Failed'.
[2026-04-07 16:38:08Z INFO StepsRunner] Current state: job state = 'Failed'
[2026-04-07 16:38:08Z INFO StepsRunner] Processing step: DisplayName='Login to Docker Hub'
[2026-04-07 16:38:08Z INFO StepsRunner] Evaluating: (success() && (github.event_name != 'pull_request'))
[2026-04-07 16:38:08Z INFO StepsRunner] Expanded: (false && (github['event_name'] != 'pull_request'))
[2026-04-07 16:38:08Z INFO StepsRunner] Result: false
[2026-04-07 16:38:08Z INFO StepsRunner] Skipping step due to condition evaluation.
[2026-04-07 16:38:08Z INFO StepsRunner] No need for updating job result with current step result 'Skipped'.
[2026-04-07 16:38:08Z INFO StepsRunner] Current state: job state = 'Failed'
[2026-04-07 16:38:08Z INFO StepsRunner] Processing step: DisplayName='Build and Push Docker Image'
[2026-04-07 16:38:08Z INFO StepsRunner] Evaluating: success()
[2026-04-07 16:38:08Z INFO StepsRunner] Result: false
[2026-04-07 16:38:08Z INFO StepsRunner] Skipping step due to condition evaluation.
[2026-04-07 16:38:08Z INFO StepsRunner] No need for updating job result with current step result 'Skipped'.
[2026-04-07 16:38:08Z INFO StepsRunner] Current state: job state = 'Failed'
[2026-04-07 16:38:08Z INFO StepsRunner] Processing step: DisplayName='Post Set up Docker Buildx'
[2026-04-07 16:38:08Z INFO StepsRunner] Evaluating: always()
[2026-04-07 16:38:08Z INFO StepsRunner] Result: true
[2026-04-07 16:38:08Z INFO StepsRunner] Starting the step.
[2026-04-07 16:38:08Z INFO HostContext] Well known directory 'Bin': 'C:\Users\7dnjf\Desktop\오픈소스\HW2\actions-runner\bin'
[2026-04-07 16:38:08Z INFO HostContext] Well known directory 'Root': 'C:\Users\7dnjf\Desktop\오픈소스\HW2\actions-runner'
[2026-04-07 16:38:08Z INFO HostContext] Well known directory 'Work': 'C:\Users\7dnjf\Desktop\오픈소스\HW2\actions-runner\_work'
[2026-04-07 16:38:08Z INFO StepsRunner] Which2: 'chcp'
[2026-04-07 16:38:08Z INFO StepsRunner] Location: 'C:\Windows\system32\chcp.COM'
[2026-04-07 16:38:08Z INFO ProcessInvokerWrapper] Starting process:
[2026-04-07 16:38:08Z INFO ProcessInvokerWrapper]   File name: 'C:\Windows\system32\chcp.COM'
[2026-04-07 16:38:08Z INFO ProcessInvokerWrapper]   Arguments: '65001'
[2026-04-07 16:38:08Z INFO ProcessInvokerWrapper]   Working directory: 'C:\Users\7dnjf\Desktop\오픈소스\HW2\actions-runner\_work'
[2026-04-07 16:38:08Z INFO ProcessInvokerWrapper]   Require exit code zero: 'False'
[2026-04-07 16:38:08Z INFO ProcessInvokerWrapper]   Encoding web name:  ; code page: ''
[2026-04-07 16:38:08Z INFO ProcessInvokerWrapper]   Force kill process on cancellation: 'False'
[2026-04-07 16:38:08Z INFO ProcessInvokerWrapper]   Redirected STDIN: 'False'
[2026-04-07 16:38:08Z INFO ProcessInvokerWrapper]   Persist current code page: 'True'
[2026-04-07 16:38:08Z INFO ProcessInvokerWrapper]   Keep redirected STDIN open: 'False'
[2026-04-07 16:38:08Z INFO ProcessInvokerWrapper]   High priority process: 'False'
[2026-04-07 16:38:08Z INFO JobServerQueue] Got a step log file to send to results service.
[2026-04-07 16:38:08Z INFO JobServerQueue] Starting upload of step log file to results service ResultsLog, C:\Users\7dnjf\Desktop\오픈소스\HW2\actions-runner\_diag\blocks\b1cfe245-2cfd-4faa-8ae1-6156476f9bb1_56f2f2dc-341a-4071-906e-a59641dbabcf.1
[2026-04-07 16:38:08Z INFO ProcessInvokerWrapper] Process started with process id 792, waiting for process exit.
[2026-04-07 16:38:08Z INFO ProcessInvokerWrapper] STDOUT/STDERR stream read finished.
[2026-04-07 16:38:08Z INFO ProcessInvokerWrapper] STDOUT/STDERR stream read finished.
[2026-04-07 16:38:08Z INFO ProcessInvokerWrapper] Finished process 792 with exit code 0, and elapsed time 00:00:00.0415196.
[2026-04-07 16:38:08Z INFO StepsRunner] Successfully returned to code page 65001 (UTF8)
[2026-04-07 16:38:08Z INFO HostContext] Well known directory 'Bin': 'C:\Users\7dnjf\Desktop\오픈소스\HW2\actions-runner\bin'
[2026-04-07 16:38:08Z INFO HostContext] Well known directory 'Root': 'C:\Users\7dnjf\Desktop\오픈소스\HW2\actions-runner'
[2026-04-07 16:38:08Z INFO HostContext] Well known directory 'Work': 'C:\Users\7dnjf\Desktop\오픈소스\HW2\actions-runner\_work'
[2026-04-07 16:38:08Z INFO HostContext] Well known directory 'Actions': 'C:\Users\7dnjf\Desktop\오픈소스\HW2\actions-runner\_work\_actions'
[2026-04-07 16:38:08Z INFO ActionManager] Load action that reference repository from 'C:\Users\7dnjf\Desktop\오픈소스\HW2\actions-runner\_work\_actions\docker\setup-buildx-action\v3'
[2026-04-07 16:38:08Z INFO HostContext] Well known directory 'Bin': 'C:\Users\7dnjf\Desktop\오픈소스\HW2\actions-runner\bin'
[2026-04-07 16:38:08Z INFO HostContext] Well known directory 'Root': 'C:\Users\7dnjf\Desktop\오픈소스\HW2\actions-runner'
[2026-04-07 16:38:08Z INFO HostContext] Well known directory 'Work': 'C:\Users\7dnjf\Desktop\오픈소스\HW2\actions-runner\_work'
[2026-04-07 16:38:08Z INFO HostContext] Well known directory 'Actions': 'C:\Users\7dnjf\Desktop\오픈소스\HW2\actions-runner\_work\_actions'
[2026-04-07 16:38:08Z INFO ActionManifestManagerLegacy] Ignore action property author.
[2026-04-07 16:38:08Z INFO ActionManifestManagerLegacy] Ignore action property branding.
[2026-04-07 16:38:08Z INFO ActionManifestManagerLegacy] Loaded action.yml file: {
  "name": "Docker Setup Buildx",
  "description": "Set up Docker Buildx",
  "inputs": {
    "type": 2,
    "map": [
      {
        "key": {
          "type": 0,
          "file": 3,
          "line": 10,
          "col": 3,
          "lit": "version"
        },
        "value": ""
      },
      {
        "key": {
          "type": 0,
          "file": 3,
          "line": 13,
          "col": 3,
          "lit": "driver"
        },
        "value": {
          "type": 0,
          "file": 3,
          "line": 15,
          "col": 14,
          "lit": "docker-container"
        }
      },
      {
        "key": {
          "type": 0,
          "file": 3,
          "line": 17,
          "col": 3,
          "lit": "driver-opts"
        },
        "value": ""
      },
      {
        "key": {
          "type": 0,
          "file": 3,
          "line": 20,
          "col": 3,
          "lit": "buildkitd-flags"
        },
        "value": ""
      },
      {
        "key": {
          "type": 0,
          "file": 3,
          "line": 23,
          "col": 3,
          "lit": "buildkitd-config"
        },
        "value": ""
      },
      {
        "key": {
          "type": 0,
          "file": 3,
          "line": 26,
          "col": 3,
          "lit": "buildkitd-config-inline"
        },
        "value": ""
      },
      {
        "key": {
          "type": 0,
          "file": 3,
          "line": 29,
          "col": 3,
          "lit": "use"
        },
        "value": {
          "type": 0,
          "file": 3,
          "line": 31,
          "col": 14,
          "lit": "true"
        }
      },
      {
        "key": {
          "type": 0,
          "file": 3,
          "line": 33,
          "col": 3,
          "lit": "name"
        },
        "value": ""
      },
      {
        "key": {
          "type": 0,
          "file": 3,
          "line": 36,
          "col": 3,
          "lit": "endpoint"
        },
        "value": ""
      },
      {
        "key": {
          "type": 0,
          "file": 3,
          "line": 39,
          "col": 3,
          "lit": "platforms"
        },
        "value": ""
      },
      {
        "key": {
          "type": 0,
          "file": 3,
          "line": 42,
          "col": 3,
          "lit": "append"
        },
        "value": ""
      },
      {
        "key": {
          "type": 0,
          "file": 3,
          "line": 45,
          "col": 3,
          "lit": "keep-state"
        },
        "value": {
          "type": 0,
          "file": 3,
          "line": 47,
          "col": 14,
          "lit": "false"
        }
      },
      {
        "key": {
          "type": 0,
          "file": 3,
          "line": 49,
          "col": 3,
          "lit": "cache-binary"
        },
        "value": {
          "type": 0,
          "file": 3,
          "line": 51,
          "col": 14,
          "lit": "true"
        }
      },
      {
        "key": {
          "type": 0,
          "file": 3,
          "line": 53,
          "col": 3,
          "lit": "cleanup"
        },
        "value": {
          "type": 0,
          "file": 3,
          "line": 55,
          "col": 14,
          "lit": "true"
        }
      },
      {
        "key": {
          "type": 0,
          "file": 3,
          "line": 58,
          "col": 3,
          "lit": "config"
        },
        "value": ""
      },
      {
        "key": {
          "type": 0,
          "file": 3,
          "line": 62,
          "col": 3,
          "lit": "config-inline"
        },
        "value": ""
      },
      {
        "key": {
          "type": 0,
          "file": 3,
          "line": 66,
          "col": 3,
          "lit": "install"
        },
        "value": {
          "type": 0,
          "file": 3,
          "line": 69,
          "col": 14,
          "lit": "false"
        }
      }
    ]
  },
  "execution": {
    "executionType": "nodeJS",
    "hasPre": false,
    "hasPost": true,
    "script": "dist/index.js",
    "pre": null,
    "post": "dist/index.js",
    "nodeVersion": "node20",
    "cleanupCondition": "always()",
    "initCondition": "always()"
  },
  "deprecated": {
    "config": "Use buildkitd-config instead",
    "config-inline": "Use buildkitd-config-inline instead",
    "install": "\"docker buildx install\" command is deprecated and will be removed in a future release, use BUILDX_BUILDER environment variable instead"
  }
}
[2026-04-07 16:38:08Z INFO ActionManager] Action pre node.js file: N/A.
[2026-04-07 16:38:08Z INFO ActionManager] Action node.js file: dist/index.js.
[2026-04-07 16:38:08Z INFO ActionManager] Action post node.js file: dist/index.js.
[2026-04-07 16:38:08Z INFO HostContext] Well known directory 'Bin': 'C:\Users\7dnjf\Desktop\오픈소스\HW2\actions-runner\bin'
[2026-04-07 16:38:08Z INFO HostContext] Well known directory 'Root': 'C:\Users\7dnjf\Desktop\오픈소스\HW2\actions-runner'
[2026-04-07 16:38:08Z INFO HostContext] Well known directory 'Work': 'C:\Users\7dnjf\Desktop\오픈소스\HW2\actions-runner\_work'
[2026-04-07 16:38:08Z INFO HostContext] Well known directory 'Temp': 'C:\Users\7dnjf\Desktop\오픈소스\HW2\actions-runner\_work\_temp'
[2026-04-07 16:38:08Z INFO ExecutionContext] Write event payload to C:\Users\7dnjf\Desktop\오픈소스\HW2\actions-runner\_work\_temp\_github_workflow\event.json
[2026-04-07 16:38:08Z INFO HostContext] Well known directory 'Bin': 'C:\Users\7dnjf\Desktop\오픈소스\HW2\actions-runner\bin'
[2026-04-07 16:38:08Z INFO HostContext] Well known directory 'Root': 'C:\Users\7dnjf\Desktop\오픈소스\HW2\actions-runner'
[2026-04-07 16:38:08Z INFO HostContext] Well known directory 'Work': 'C:\Users\7dnjf\Desktop\오픈소스\HW2\actions-runner\_work'
[2026-04-07 16:38:08Z INFO HostContext] Well known directory 'Temp': 'C:\Users\7dnjf\Desktop\오픈소스\HW2\actions-runner\_work\_temp'
[2026-04-07 16:38:08Z INFO ExtensionManager] Getting extensions for interface: 'GitHub.Runner.Worker.IFileCommandExtension'
[2026-04-07 16:38:08Z INFO ActionManifestManagerLegacy] Input 'version': default value evaluate result: ""
[2026-04-07 16:38:08Z INFO ActionManifestManagerLegacy] Input 'driver': default value evaluate result: {
  "type": 0,
  "file": 3,
  "line": 15,
  "col": 14,
  "lit": "docker-container"
}
[2026-04-07 16:38:08Z INFO ActionManifestManagerLegacy] Input 'driver-opts': default value evaluate result: ""
[2026-04-07 16:38:08Z INFO ActionManifestManagerLegacy] Input 'buildkitd-flags': default value evaluate result: ""
[2026-04-07 16:38:08Z INFO ActionManifestManagerLegacy] Input 'buildkitd-config': default value evaluate result: ""
[2026-04-07 16:38:08Z INFO ActionManifestManagerLegacy] Input 'buildkitd-config-inline': default value evaluate result: ""
[2026-04-07 16:38:08Z INFO ActionManifestManagerLegacy] Input 'use': default value evaluate result: {
  "type": 0,
  "file": 3,
  "line": 31,
  "col": 14,
  "lit": "true"
}
[2026-04-07 16:38:08Z INFO ActionManifestManagerLegacy] Input 'name': default value evaluate result: ""
[2026-04-07 16:38:08Z INFO ActionManifestManagerLegacy] Input 'endpoint': default value evaluate result: ""
[2026-04-07 16:38:08Z INFO ActionManifestManagerLegacy] Input 'platforms': default value evaluate result: ""
[2026-04-07 16:38:08Z INFO ActionManifestManagerLegacy] Input 'append': default value evaluate result: ""
[2026-04-07 16:38:08Z INFO ActionManifestManagerLegacy] Input 'keep-state': default value evaluate result: {
  "type": 0,
  "file": 3,
  "line": 47,
  "col": 14,
  "lit": "false"
}
[2026-04-07 16:38:08Z INFO ActionManifestManagerLegacy] Input 'cache-binary': default value evaluate result: {
  "type": 0,
  "file": 3,
  "line": 51,
  "col": 14,
  "lit": "true"
}
[2026-04-07 16:38:08Z INFO ActionManifestManagerLegacy] Input 'cleanup': default value evaluate result: {
  "type": 0,
  "file": 3,
  "line": 55,
  "col": 14,
  "lit": "true"
}
[2026-04-07 16:38:08Z INFO ActionManifestManagerLegacy] Input 'config': default value evaluate result: ""
[2026-04-07 16:38:08Z INFO ActionManifestManagerLegacy] Input 'config-inline': default value evaluate result: ""
[2026-04-07 16:38:08Z INFO ActionManifestManagerLegacy] Input 'install': default value evaluate result: {
  "type": 0,
  "file": 3,
  "line": 69,
  "col": 14,
  "lit": "false"
}
[2026-04-07 16:38:08Z INFO ExtensionManager] Getting extensions for interface: 'GitHub.Runner.Worker.IActionCommandExtension'
[2026-04-07 16:38:08Z INFO ActionCommandManager] Register action command extension for command internal-set-repo-path
[2026-04-07 16:38:08Z INFO ActionCommandManager] Register action command extension for command set-env
[2026-04-07 16:38:08Z INFO ActionCommandManager] Register action command extension for command set-output
[2026-04-07 16:38:08Z INFO ActionCommandManager] Register action command extension for command save-state
[2026-04-07 16:38:08Z INFO ActionCommandManager] Register action command extension for command add-path
[2026-04-07 16:38:08Z INFO ActionCommandManager] Register action command extension for command add-mask
[2026-04-07 16:38:08Z INFO ActionCommandManager] Register action command extension for command add-matcher
[2026-04-07 16:38:08Z INFO ActionCommandManager] Register action command extension for command remove-matcher
[2026-04-07 16:38:08Z INFO ActionCommandManager] Register action command extension for command warning
[2026-04-07 16:38:08Z INFO ActionCommandManager] Register action command extension for command error
[2026-04-07 16:38:08Z INFO ActionCommandManager] Register action command extension for command notice
[2026-04-07 16:38:08Z INFO ActionCommandManager] Register action command extension for command debug
[2026-04-07 16:38:08Z INFO ActionCommandManager] Register action command extension for command group
[2026-04-07 16:38:08Z INFO ActionCommandManager] Register action command extension for command endgroup
[2026-04-07 16:38:08Z INFO ActionCommandManager] Register action command extension for command echo
[2026-04-07 16:38:08Z INFO HostContext] Well known directory 'Bin': 'C:\Users\7dnjf\Desktop\오픈소스\HW2\actions-runner\bin'
[2026-04-07 16:38:08Z INFO HostContext] Well known directory 'Root': 'C:\Users\7dnjf\Desktop\오픈소스\HW2\actions-runner'
[2026-04-07 16:38:08Z INFO HostContext] Well known directory 'Externals': 'C:\Users\7dnjf\Desktop\오픈소스\HW2\actions-runner\externals'
[2026-04-07 16:38:08Z INFO ProcessInvokerWrapper] Starting process:
[2026-04-07 16:38:08Z INFO ProcessInvokerWrapper]   File name: 'C:\Users\7dnjf\Desktop\오픈소스\HW2\actions-runner\externals\node20\bin\node.exe'
[2026-04-07 16:38:08Z INFO ProcessInvokerWrapper]   Arguments: '"C:\Users\7dnjf\Desktop\오픈소스\HW2\actions-runner\_work\_actions\docker\setup-buildx-action\v3\dist/index.js"'
[2026-04-07 16:38:08Z INFO ProcessInvokerWrapper]   Working directory: 'C:\Users\7dnjf\Desktop\오픈소스\HW2\actions-runner\_work\HW2\HW2'
[2026-04-07 16:38:08Z INFO ProcessInvokerWrapper]   Require exit code zero: 'False'
[2026-04-07 16:38:08Z INFO ProcessInvokerWrapper]   Encoding web name: utf-8 ; code page: '65001'
[2026-04-07 16:38:08Z INFO ProcessInvokerWrapper]   Force kill process on cancellation: 'False'
[2026-04-07 16:38:08Z INFO ProcessInvokerWrapper]   Redirected STDIN: 'False'
[2026-04-07 16:38:08Z INFO ProcessInvokerWrapper]   Persist current code page: 'True'
[2026-04-07 16:38:08Z INFO ProcessInvokerWrapper]   Keep redirected STDIN open: 'False'
[2026-04-07 16:38:08Z INFO ProcessInvokerWrapper]   High priority process: 'False'
[2026-04-07 16:38:08Z INFO ProcessInvokerWrapper] Process started with process id 6272, waiting for process exit.
[2026-04-07 16:38:08Z INFO JobServerQueue] Try to append 1 batches web console lines for record '56f2f2dc-341a-4071-906e-a59641dbabcf', success rate: 1/1.
[2026-04-07 16:38:08Z INFO JobServerQueue] Try to append 1 batches web console lines for record '104e15b4-79df-459a-be5d-b2d5a482a570', success rate: 1/1.
[2026-04-07 16:38:08Z INFO JobServerQueue] Try to upload 1 log files or attachments, success rate: 1/1.
[2026-04-07 16:38:09Z INFO JobServerQueue] Try to append 1 batches web console lines for record '104e15b4-79df-459a-be5d-b2d5a482a570', success rate: 1/1.
[2026-04-07 16:38:09Z INFO ProcessInvokerWrapper] STDOUT/STDERR stream read finished.
[2026-04-07 16:38:09Z INFO ProcessInvokerWrapper] STDOUT/STDERR stream read finished.
[2026-04-07 16:38:09Z INFO ProcessInvokerWrapper] Finished process 6272 with exit code 0, and elapsed time 00:00:00.8175551.
[2026-04-07 16:38:09Z INFO CreateStepSummaryCommand] Step Summary file (C:\Users\7dnjf\Desktop\오픈소스\HW2\actions-runner\_work\_temp\_runner_file_commands\step_summary_cde6d2e7-8332-4ee2-b9df-2ffd01adb9f8) is empty; skipping attachment upload
[2026-04-07 16:38:09Z INFO StepsRunner] Step result: 
[2026-04-07 16:38:09Z INFO ExecutionContext] Publish step telemetry for current step {
  "action": "docker/setup-buildx-action",
  "ref": "v3",
  "type": "node20",
  "stage": "Post",
  "stepId": "104e15b4-79df-459a-be5d-b2d5a482a570",
  "result": "succeeded",
  "errorMessages": [
    "Failed to save: \"C:\\Program failed with error: The process 'C:\\Program Files\\Git\\usr\\bin\\tar.exe' failed with exit code 2"
  ],
  "executionTimeInSeconds": 1,
  "startTime": "2026-04-07T16:38:08.5283978Z",
  "finishTime": "2026-04-07T16:38:09.4166285Z"
}.
[2026-04-07 16:38:09Z INFO StepsRunner] No need for updating job result with current step result 'Succeeded'.
[2026-04-07 16:38:09Z INFO StepsRunner] Current state: job state = 'Failed'
[2026-04-07 16:38:09Z INFO StepsRunner] Processing step: DisplayName='Post Checkout Code'
[2026-04-07 16:38:09Z INFO StepsRunner] Evaluating: always()
[2026-04-07 16:38:09Z INFO StepsRunner] Result: true
[2026-04-07 16:38:09Z INFO StepsRunner] Starting the step.
[2026-04-07 16:38:09Z INFO HostContext] Well known directory 'Bin': 'C:\Users\7dnjf\Desktop\오픈소스\HW2\actions-runner\bin'
[2026-04-07 16:38:09Z INFO HostContext] Well known directory 'Root': 'C:\Users\7dnjf\Desktop\오픈소스\HW2\actions-runner'
[2026-04-07 16:38:09Z INFO HostContext] Well known directory 'Work': 'C:\Users\7dnjf\Desktop\오픈소스\HW2\actions-runner\_work'
[2026-04-07 16:38:09Z INFO StepsRunner] Which2: 'chcp'
[2026-04-07 16:38:09Z INFO StepsRunner] Location: 'C:\Windows\system32\chcp.COM'
[2026-04-07 16:38:09Z INFO ProcessInvokerWrapper] Starting process:
[2026-04-07 16:38:09Z INFO ProcessInvokerWrapper]   File name: 'C:\Windows\system32\chcp.COM'
[2026-04-07 16:38:09Z INFO ProcessInvokerWrapper]   Arguments: '65001'
[2026-04-07 16:38:09Z INFO ProcessInvokerWrapper]   Working directory: 'C:\Users\7dnjf\Desktop\오픈소스\HW2\actions-runner\_work'
[2026-04-07 16:38:09Z INFO ProcessInvokerWrapper]   Require exit code zero: 'False'
[2026-04-07 16:38:09Z INFO ProcessInvokerWrapper]   Encoding web name:  ; code page: ''
[2026-04-07 16:38:09Z INFO ProcessInvokerWrapper]   Force kill process on cancellation: 'False'
[2026-04-07 16:38:09Z INFO ProcessInvokerWrapper]   Redirected STDIN: 'False'
[2026-04-07 16:38:09Z INFO ProcessInvokerWrapper]   Persist current code page: 'True'
[2026-04-07 16:38:09Z INFO ProcessInvokerWrapper]   Keep redirected STDIN open: 'False'
[2026-04-07 16:38:09Z INFO ProcessInvokerWrapper]   High priority process: 'False'
[2026-04-07 16:38:09Z INFO ProcessInvokerWrapper] Process started with process id 15696, waiting for process exit.
[2026-04-07 16:38:09Z INFO ProcessInvokerWrapper] STDOUT/STDERR stream read finished.
[2026-04-07 16:38:09Z INFO ProcessInvokerWrapper] STDOUT/STDERR stream read finished.
[2026-04-07 16:38:09Z INFO ProcessInvokerWrapper] Finished process 15696 with exit code 0, and elapsed time 00:00:00.0136025.
[2026-04-07 16:38:09Z INFO StepsRunner] Successfully returned to code page 65001 (UTF8)
[2026-04-07 16:38:09Z INFO HostContext] Well known directory 'Bin': 'C:\Users\7dnjf\Desktop\오픈소스\HW2\actions-runner\bin'
[2026-04-07 16:38:09Z INFO HostContext] Well known directory 'Root': 'C:\Users\7dnjf\Desktop\오픈소스\HW2\actions-runner'
[2026-04-07 16:38:09Z INFO HostContext] Well known directory 'Work': 'C:\Users\7dnjf\Desktop\오픈소스\HW2\actions-runner\_work'
[2026-04-07 16:38:09Z INFO HostContext] Well known directory 'Actions': 'C:\Users\7dnjf\Desktop\오픈소스\HW2\actions-runner\_work\_actions'
[2026-04-07 16:38:09Z INFO ActionManager] Load action that reference repository from 'C:\Users\7dnjf\Desktop\오픈소스\HW2\actions-runner\_work\_actions\actions\checkout\v4'
[2026-04-07 16:38:09Z INFO HostContext] Well known directory 'Bin': 'C:\Users\7dnjf\Desktop\오픈소스\HW2\actions-runner\bin'
[2026-04-07 16:38:09Z INFO HostContext] Well known directory 'Root': 'C:\Users\7dnjf\Desktop\오픈소스\HW2\actions-runner'
[2026-04-07 16:38:09Z INFO HostContext] Well known directory 'Work': 'C:\Users\7dnjf\Desktop\오픈소스\HW2\actions-runner\_work'
[2026-04-07 16:38:09Z INFO HostContext] Well known directory 'Actions': 'C:\Users\7dnjf\Desktop\오픈소스\HW2\actions-runner\_work\_actions'
[2026-04-07 16:38:09Z INFO ActionManifestManagerLegacy] Loaded action.yml file: {
  "name": "Checkout",
  "description": "Checkout a Git repository at a particular version",
  "inputs": {
    "type": 2,
    "map": [
      {
        "key": {
          "type": 0,
          "file": 2,
          "line": 4,
          "col": 3,
          "lit": "repository"
        },
        "value": {
          "type": 3,
          "file": 2,
          "line": 6,
          "col": 14,
          "expr": "github.repository"
        }
      },
      {
        "key": {
          "type": 0,
          "file": 2,
          "line": 7,
          "col": 3,
          "lit": "ref"
        },
        "value": ""
      },
      {
        "key": {
          "type": 0,
          "file": 2,
          "line": 12,
          "col": 3,
          "lit": "token"
        },
        "value": {
          "type": 3,
          "file": 2,
          "line": 24,
          "col": 14,
          "expr": "github.token"
        }
      },
      {
        "key": {
          "type": 0,
          "file": 2,
          "line": 25,
          "col": 3,
          "lit": "ssh-key"
        },
        "value": ""
      },
      {
        "key": {
          "type": 0,
          "file": 2,
          "line": 37,
          "col": 3,
          "lit": "ssh-known-hosts"
        },
        "value": ""
      },
      {
        "key": {
          "type": 0,
          "file": 2,
          "line": 42,
          "col": 3,
          "lit": "ssh-strict"
        },
        "value": {
          "type": 0,
          "file": 2,
          "line": 47,
          "col": 14,
          "lit": "true"
        }
      },
      {
        "key": {
          "type": 0,
          "file": 2,
          "line": 48,
          "col": 3,
          "lit": "ssh-user"
        },
        "value": {
          "type": 0,
          "file": 2,
          "line": 51,
          "col": 14,
          "lit": "git"
        }
      },
      {
        "key": {
          "type": 0,
          "file": 2,
          "line": 52,
          "col": 3,
          "lit": "persist-credentials"
        },
        "value": {
          "type": 0,
          "file": 2,
          "line": 54,
          "col": 14,
          "lit": "true"
        }
      },
      {
        "key": {
          "type": 0,
          "file": 2,
          "line": 55,
          "col": 3,
          "lit": "path"
        },
        "value": ""
      },
      {
        "key": {
          "type": 0,
          "file": 2,
          "line": 57,
          "col": 3,
          "lit": "clean"
        },
        "value": {
          "type": 0,
          "file": 2,
          "line": 59,
          "col": 14,
          "lit": "true"
        }
      },
      {
        "key": {
          "type": 0,
          "file": 2,
          "line": 60,
          "col": 3,
          "lit": "filter"
        },
        "value": {
          "type": 0,
          "file": 2,
          "line": 64,
          "col": 14,
          "lit": ""
        }
      },
      {
        "key": {
          "type": 0,
          "file": 2,
          "line": 65,
          "col": 3,
          "lit": "sparse-checkout"
        },
        "value": {
          "type": 0,
          "file": 2,
          "line": 69,
          "col": 14,
          "lit": ""
        }
      },
      {
        "key": {
          "type": 0,
          "file": 2,
          "line": 70,
          "col": 3,
          "lit": "sparse-checkout-cone-mode"
        },
        "value": {
          "type": 0,
          "file": 2,
          "line": 73,
          "col": 14,
          "lit": "true"
        }
      },
      {
        "key": {
          "type": 0,
          "file": 2,
          "line": 74,
          "col": 3,
          "lit": "fetch-depth"
        },
        "value": {
          "type": 0,
          "file": 2,
          "line": 76,
          "col": 14,
          "lit": "1"
        }
      },
      {
        "key": {
          "type": 0,
          "file": 2,
          "line": 77,
          "col": 3,
          "lit": "fetch-tags"
        },
        "value": {
          "type": 0,
          "file": 2,
          "line": 79,
          "col": 14,
          "lit": "false"
        }
      },
      {
        "key": {
          "type": 0,
          "file": 2,
          "line": 80,
          "col": 3,
          "lit": "show-progress"
        },
        "value": {
          "type": 0,
          "file": 2,
          "line": 82,
          "col": 14,
          "lit": "true"
        }
      },
      {
        "key": {
          "type": 0,
          "file": 2,
          "line": 83,
          "col": 3,
          "lit": "lfs"
        },
        "value": {
          "type": 0,
          "file": 2,
          "line": 85,
          "col": 14,
          "lit": "false"
        }
      },
      {
        "key": {
          "type": 0,
          "file": 2,
          "line": 86,
          "col": 3,
          "lit": "submodules"
        },
        "value": {
          "type": 0,
          "file": 2,
          "line": 94,
          "col": 14,
          "lit": "false"
        }
      },
      {
        "key": {
          "type": 0,
          "file": 2,
          "line": 95,
          "col": 3,
          "lit": "set-safe-directory"
        },
        "value": {
          "type": 0,
          "file": 2,
          "line": 97,
          "col": 14,
          "lit": "true"
        }
      },
      {
        "key": {
          "type": 0,
          "file": 2,
          "line": 98,
          "col": 3,
          "lit": "github-server-url"
        },
        "value": ""
      }
    ]
  },
  "execution": {
    "executionType": "nodeJS",
    "hasPre": false,
    "hasPost": true,
    "script": "dist/index.js",
    "pre": null,
    "post": "dist/index.js",
    "nodeVersion": "node20",
    "cleanupCondition": "always()",
    "initCondition": "always()"
  },
  "deprecated": null
}
[2026-04-07 16:38:09Z INFO ActionManager] Action pre node.js file: N/A.
[2026-04-07 16:38:09Z INFO ActionManager] Action node.js file: dist/index.js.
[2026-04-07 16:38:09Z INFO ActionManager] Action post node.js file: dist/index.js.
[2026-04-07 16:38:09Z INFO HostContext] Well known directory 'Bin': 'C:\Users\7dnjf\Desktop\오픈소스\HW2\actions-runner\bin'
[2026-04-07 16:38:09Z INFO HostContext] Well known directory 'Root': 'C:\Users\7dnjf\Desktop\오픈소스\HW2\actions-runner'
[2026-04-07 16:38:09Z INFO HostContext] Well known directory 'Work': 'C:\Users\7dnjf\Desktop\오픈소스\HW2\actions-runner\_work'
[2026-04-07 16:38:09Z INFO HostContext] Well known directory 'Temp': 'C:\Users\7dnjf\Desktop\오픈소스\HW2\actions-runner\_work\_temp'
[2026-04-07 16:38:09Z INFO ExecutionContext] Write event payload to C:\Users\7dnjf\Desktop\오픈소스\HW2\actions-runner\_work\_temp\_github_workflow\event.json
[2026-04-07 16:38:09Z INFO HostContext] Well known directory 'Bin': 'C:\Users\7dnjf\Desktop\오픈소스\HW2\actions-runner\bin'
[2026-04-07 16:38:09Z INFO HostContext] Well known directory 'Root': 'C:\Users\7dnjf\Desktop\오픈소스\HW2\actions-runner'
[2026-04-07 16:38:09Z INFO HostContext] Well known directory 'Work': 'C:\Users\7dnjf\Desktop\오픈소스\HW2\actions-runner\_work'
[2026-04-07 16:38:09Z INFO HostContext] Well known directory 'Temp': 'C:\Users\7dnjf\Desktop\오픈소스\HW2\actions-runner\_work\_temp'
[2026-04-07 16:38:09Z INFO ExtensionManager] Getting extensions for interface: 'GitHub.Runner.Worker.IFileCommandExtension'
[2026-04-07 16:38:09Z INFO ActionManifestManagerLegacy] Input 'repository': default value evaluate result: {
  "type": 0,
  "file": 2,
  "line": 6,
  "col": 14,
  "lit": "7dnjf1/HW2"
}
[2026-04-07 16:38:09Z INFO ActionManifestManagerLegacy] Input 'ref': default value evaluate result: ""
[2026-04-07 16:38:09Z INFO ActionManifestManagerLegacy] Input 'token': default value evaluate result: {
  "type": 0,
  "file": 2,
  "line": 24,
  "col": 14,
  "lit": "***"
}
[2026-04-07 16:38:09Z INFO ActionManifestManagerLegacy] Input 'ssh-key': default value evaluate result: ""
[2026-04-07 16:38:09Z INFO ActionManifestManagerLegacy] Input 'ssh-known-hosts': default value evaluate result: ""
[2026-04-07 16:38:09Z INFO ActionManifestManagerLegacy] Input 'ssh-strict': default value evaluate result: {
  "type": 0,
  "file": 2,
  "line": 47,
  "col": 14,
  "lit": "true"
}
[2026-04-07 16:38:09Z INFO ActionManifestManagerLegacy] Input 'ssh-user': default value evaluate result: {
  "type": 0,
  "file": 2,
  "line": 51,
  "col": 14,
  "lit": "git"
}
[2026-04-07 16:38:09Z INFO ActionManifestManagerLegacy] Input 'persist-credentials': default value evaluate result: {
  "type": 0,
  "file": 2,
  "line": 54,
  "col": 14,
  "lit": "true"
}
[2026-04-07 16:38:09Z INFO ActionManifestManagerLegacy] Input 'path': default value evaluate result: ""
[2026-04-07 16:38:09Z INFO ActionManifestManagerLegacy] Input 'clean': default value evaluate result: {
  "type": 0,
  "file": 2,
  "line": 59,
  "col": 14,
  "lit": "true"
}
[2026-04-07 16:38:09Z INFO ActionManifestManagerLegacy] Input 'filter': default value evaluate result: {
  "type": 0,
  "file": 2,
  "line": 64,
  "col": 14,
  "lit": ""
}
[2026-04-07 16:38:09Z INFO ActionManifestManagerLegacy] Input 'sparse-checkout': default value evaluate result: {
  "type": 0,
  "file": 2,
  "line": 69,
  "col": 14,
  "lit": ""
}
[2026-04-07 16:38:09Z INFO ActionManifestManagerLegacy] Input 'sparse-checkout-cone-mode': default value evaluate result: {
  "type": 0,
  "file": 2,
  "line": 73,
  "col": 14,
  "lit": "true"
}
[2026-04-07 16:38:09Z INFO ActionManifestManagerLegacy] Input 'fetch-depth': default value evaluate result: {
  "type": 0,
  "file": 2,
  "line": 76,
  "col": 14,
  "lit": "1"
}
[2026-04-07 16:38:09Z INFO ActionManifestManagerLegacy] Input 'fetch-tags': default value evaluate result: {
  "type": 0,
  "file": 2,
  "line": 79,
  "col": 14,
  "lit": "false"
}
[2026-04-07 16:38:09Z INFO ActionManifestManagerLegacy] Input 'show-progress': default value evaluate result: {
  "type": 0,
  "file": 2,
  "line": 82,
  "col": 14,
  "lit": "true"
}
[2026-04-07 16:38:09Z INFO ActionManifestManagerLegacy] Input 'lfs': default value evaluate result: {
  "type": 0,
  "file": 2,
  "line": 85,
  "col": 14,
  "lit": "false"
}
[2026-04-07 16:38:09Z INFO ActionManifestManagerLegacy] Input 'submodules': default value evaluate result: {
  "type": 0,
  "file": 2,
  "line": 94,
  "col": 14,
  "lit": "false"
}
[2026-04-07 16:38:09Z INFO ActionManifestManagerLegacy] Input 'set-safe-directory': default value evaluate result: {
  "type": 0,
  "file": 2,
  "line": 97,
  "col": 14,
  "lit": "true"
}
[2026-04-07 16:38:09Z INFO ActionManifestManagerLegacy] Input 'github-server-url': default value evaluate result: ""
[2026-04-07 16:38:09Z INFO ExtensionManager] Getting extensions for interface: 'GitHub.Runner.Worker.IActionCommandExtension'
[2026-04-07 16:38:09Z INFO ActionCommandManager] Register action command extension for command internal-set-repo-path
[2026-04-07 16:38:09Z INFO ActionCommandManager] Register action command extension for command set-env
[2026-04-07 16:38:09Z INFO ActionCommandManager] Register action command extension for command set-output
[2026-04-07 16:38:09Z INFO ActionCommandManager] Register action command extension for command save-state
[2026-04-07 16:38:09Z INFO ActionCommandManager] Register action command extension for command add-path
[2026-04-07 16:38:09Z INFO ActionCommandManager] Register action command extension for command add-mask
[2026-04-07 16:38:09Z INFO ActionCommandManager] Register action command extension for command add-matcher
[2026-04-07 16:38:09Z INFO ActionCommandManager] Register action command extension for command remove-matcher
[2026-04-07 16:38:09Z INFO ActionCommandManager] Register action command extension for command warning
[2026-04-07 16:38:09Z INFO ActionCommandManager] Register action command extension for command error
[2026-04-07 16:38:09Z INFO ActionCommandManager] Register action command extension for command notice
[2026-04-07 16:38:09Z INFO ActionCommandManager] Register action command extension for command debug
[2026-04-07 16:38:09Z INFO ActionCommandManager] Register action command extension for command group
[2026-04-07 16:38:09Z INFO ActionCommandManager] Register action command extension for command endgroup
[2026-04-07 16:38:09Z INFO ActionCommandManager] Register action command extension for command echo
[2026-04-07 16:38:09Z INFO HostContext] Well known directory 'Bin': 'C:\Users\7dnjf\Desktop\오픈소스\HW2\actions-runner\bin'
[2026-04-07 16:38:09Z INFO HostContext] Well known directory 'Root': 'C:\Users\7dnjf\Desktop\오픈소스\HW2\actions-runner'
[2026-04-07 16:38:09Z INFO HostContext] Well known directory 'Externals': 'C:\Users\7dnjf\Desktop\오픈소스\HW2\actions-runner\externals'
[2026-04-07 16:38:09Z INFO ProcessInvokerWrapper] Starting process:
[2026-04-07 16:38:09Z INFO ProcessInvokerWrapper]   File name: 'C:\Users\7dnjf\Desktop\오픈소스\HW2\actions-runner\externals\node20\bin\node.exe'
[2026-04-07 16:38:09Z INFO ProcessInvokerWrapper]   Arguments: '"C:\Users\7dnjf\Desktop\오픈소스\HW2\actions-runner\_work\_actions\actions\checkout\v4\dist/index.js"'
[2026-04-07 16:38:09Z INFO ProcessInvokerWrapper]   Working directory: 'C:\Users\7dnjf\Desktop\오픈소스\HW2\actions-runner\_work\HW2\HW2'
[2026-04-07 16:38:09Z INFO ProcessInvokerWrapper]   Require exit code zero: 'False'
[2026-04-07 16:38:09Z INFO ProcessInvokerWrapper]   Encoding web name: utf-8 ; code page: '65001'
[2026-04-07 16:38:09Z INFO ProcessInvokerWrapper]   Force kill process on cancellation: 'False'
[2026-04-07 16:38:09Z INFO ProcessInvokerWrapper]   Redirected STDIN: 'False'
[2026-04-07 16:38:09Z INFO ProcessInvokerWrapper]   Persist current code page: 'True'
[2026-04-07 16:38:09Z INFO ProcessInvokerWrapper]   Keep redirected STDIN open: 'False'
[2026-04-07 16:38:09Z INFO ProcessInvokerWrapper]   High priority process: 'False'
[2026-04-07 16:38:09Z INFO JobServerQueue] Try to append 1 batches web console lines for record '104e15b4-79df-459a-be5d-b2d5a482a570', success rate: 1/1.
[2026-04-07 16:38:09Z INFO JobServerQueue] Try to append 1 batches web console lines for record '4840d767-91ea-440a-8deb-092a17ffc607', success rate: 1/1.
[2026-04-07 16:38:09Z INFO ProcessInvokerWrapper] Process started with process id 16132, waiting for process exit.
[2026-04-07 16:38:09Z INFO JobServerQueue] Tried to upload 1 file(s) to results, success rate: 1/1.
[2026-04-07 16:38:09Z INFO AddMaskCommandExtension] Add new secret mask with length of 32
[2026-04-07 16:38:09Z INFO JobServerQueue] Try to append 1 batches web console lines for record '4840d767-91ea-440a-8deb-092a17ffc607', success rate: 1/1.
[2026-04-07 16:38:09Z INFO JobServerQueue] Try to upload 1 log files or attachments, success rate: 1/1.
[2026-04-07 16:38:10Z INFO JobServerQueue] Got a step log file to send to results service.
[2026-04-07 16:38:10Z INFO JobServerQueue] Starting upload of step log file to results service ResultsLog, C:\Users\7dnjf\Desktop\오픈소스\HW2\actions-runner\_diag\blocks\b1cfe245-2cfd-4faa-8ae1-6156476f9bb1_104e15b4-79df-459a-be5d-b2d5a482a570.1
[2026-04-07 16:38:10Z INFO HostContext] Well known directory 'Bin': 'C:\Users\7dnjf\Desktop\오픈소스\HW2\actions-runner\bin'
[2026-04-07 16:38:10Z INFO HostContext] Well known directory 'Root': 'C:\Users\7dnjf\Desktop\오픈소스\HW2\actions-runner'
[2026-04-07 16:38:10Z INFO HostContext] Well known directory 'Work': 'C:\Users\7dnjf\Desktop\오픈소스\HW2\actions-runner\_work'
[2026-04-07 16:38:11Z INFO JobServerQueue] Try to append 1 batches web console lines for record '4840d767-91ea-440a-8deb-092a17ffc607', success rate: 1/1.
[2026-04-07 16:38:11Z INFO JobServerQueue] Tried to upload 1 file(s) to results, success rate: 1/1.
[2026-04-07 16:38:11Z INFO JobServerQueue] Try to append 1 batches web console lines for record '4840d767-91ea-440a-8deb-092a17ffc607', success rate: 1/1.
[2026-04-07 16:38:12Z INFO JobServerQueue] Try to append 1 batches web console lines for record '4840d767-91ea-440a-8deb-092a17ffc607', success rate: 1/1.
[2026-04-07 16:38:12Z INFO JobServerQueue] Stop aggressive process web console line queue.
[2026-04-07 16:38:13Z INFO ProcessInvokerWrapper] STDOUT/STDERR stream read finished.
[2026-04-07 16:38:13Z INFO ProcessInvokerWrapper] STDOUT/STDERR stream read finished.
[2026-04-07 16:38:13Z INFO ProcessInvokerWrapper] Finished process 16132 with exit code 0, and elapsed time 00:00:03.6471349.
[2026-04-07 16:38:13Z INFO CreateStepSummaryCommand] Step Summary file (C:\Users\7dnjf\Desktop\오픈소스\HW2\actions-runner\_work\_temp\_runner_file_commands\step_summary_035a5e3f-fa91-438c-8ffb-9d07e2bf7cb3) is empty; skipping attachment upload
[2026-04-07 16:38:13Z INFO StepsRunner] Step result: 
[2026-04-07 16:38:13Z INFO ExecutionContext] Publish step telemetry for current step {
  "action": "actions/checkout",
  "ref": "v4",
  "type": "node20",
  "stage": "Post",
  "stepId": "4840d767-91ea-440a-8deb-092a17ffc607",
  "result": "succeeded",
  "errorMessages": [],
  "executionTimeInSeconds": 4,
  "startTime": "2026-04-07T16:38:09.4198201Z",
  "finishTime": "2026-04-07T16:38:13.1029341Z"
}.
[2026-04-07 16:38:13Z INFO StepsRunner] No need for updating job result with current step result 'Succeeded'.
[2026-04-07 16:38:13Z INFO StepsRunner] Current state: job state = 'Failed'
[2026-04-07 16:38:13Z INFO JobRunner] Finalize job.
[2026-04-07 16:38:13Z INFO HostContext] Well known directory 'Bin': 'C:\Users\7dnjf\Desktop\오픈소스\HW2\actions-runner\bin'
[2026-04-07 16:38:13Z INFO HostContext] Well known directory 'Root': 'C:\Users\7dnjf\Desktop\오픈소스\HW2\actions-runner'
[2026-04-07 16:38:13Z INFO HostContext] Well known directory 'Diag': 'C:\Users\7dnjf\Desktop\오픈소스\HW2\actions-runner\_diag'
[2026-04-07 16:38:13Z INFO HostContext] Well known directory 'Bin': 'C:\Users\7dnjf\Desktop\오픈소스\HW2\actions-runner\bin'
[2026-04-07 16:38:13Z INFO HostContext] Well known directory 'Root': 'C:\Users\7dnjf\Desktop\오픈소스\HW2\actions-runner'
[2026-04-07 16:38:13Z INFO HostContext] Well known directory 'Diag': 'C:\Users\7dnjf\Desktop\오픈소스\HW2\actions-runner\_diag'
[2026-04-07 16:38:13Z INFO JobExtension] Initialize Env context
[2026-04-07 16:38:13Z INFO JobExtension] Initialize steps context
[2026-04-07 16:38:13Z INFO JobExtension] Total accessible running process: 283.
[2026-04-07 16:38:13Z INFO JobExtension] Inspecting process environment variables. PID: 11084 (SearchProtocolHost)
[2026-04-07 16:38:13Z WARN JobExtension] Ignore exception during read process environment variables: 액세스가 거부되었습니다.
[2026-04-07 16:38:13Z INFO JobExtension] Inspecting process environment variables. PID: 14868 (dllhost)
[2026-04-07 16:38:13Z INFO JobExtension] Wait for all connectivity checks to finish.
[2026-04-07 16:38:13Z INFO JobExtension] Connectivity check result: GitHub.Runner.Worker.JobExtension+CheckResult
[2026-04-07 16:38:13Z INFO JobExtension] Connectivity check result: GitHub.Runner.Worker.JobExtension+CheckResult
[2026-04-07 16:38:13Z INFO JobExtension] Connectivity check result: GitHub.Runner.Worker.JobExtension+CheckResult
[2026-04-07 16:38:13Z INFO ExecutionContext] Publish step telemetry for current step {
  "action": "complete_job",
  "type": "runner",
  "stage": "Post",
  "stepId": "99d05c5d-8f8e-4cff-ab11-8ad10fb54259",
  "result": "succeeded",
  "errorMessages": [
    "Node.js 20 actions are deprecated. The following actions are running on Node.js 20 and may not work as expected: actions/checkout@v4, docker/setup-buildx-action@v3. Actions will be forced to run with Node.js 24 by default starting June 2nd, 2026. Node.js 2"
  ],
  "executionTimeInSeconds": 1,
  "startTime": "2026-04-07T16:38:13.1106211Z",
  "finishTime": "2026-04-07T16:38:13.1522295Z"
}.
[2026-04-07 16:38:13Z INFO JobRunner] Job result after all job steps finish: Failed
[2026-04-07 16:38:13Z INFO JobRunner] Completing the job execution context.
[2026-04-07 16:38:13Z INFO JobRunner] Shutting down the job server queue.
[2026-04-07 16:38:13Z INFO JobServerQueue] Fire signal to shutdown all queues.
[2026-04-07 16:38:14Z INFO JobServerQueue] All queue process task stopped.
[2026-04-07 16:38:14Z INFO JobServerQueue] Try to append 1 batches web console lines for record '99d05c5d-8f8e-4cff-ab11-8ad10fb54259', success rate: 1/1.
[2026-04-07 16:38:14Z INFO JobServerQueue] Web console line queue drained.
[2026-04-07 16:38:14Z INFO JobServerQueue] Uploading 3 files in one shot.
[2026-04-07 16:38:14Z INFO JobServerQueue] Try to upload 3 log files or attachments, success rate: 3/3.
[2026-04-07 16:38:14Z INFO JobServerQueue] File upload queue drained.
[2026-04-07 16:38:14Z INFO JobServerQueue] Starting results-based upload queue...
[2026-04-07 16:38:14Z INFO JobServerQueue] Uploading 3 file(s) in one shot through results service.
[2026-04-07 16:38:14Z INFO JobServerQueue] Got a step log file to send to results service.
[2026-04-07 16:38:14Z INFO JobServerQueue] Starting upload of step log file to results service ResultsLog, C:\Users\7dnjf\Desktop\오픈소스\HW2\actions-runner\_diag\blocks\b1cfe245-2cfd-4faa-8ae1-6156476f9bb1_4840d767-91ea-440a-8deb-092a17ffc607.1
[2026-04-07 16:38:15Z INFO JobServerQueue] Got a step log file to send to results service.
[2026-04-07 16:38:15Z INFO JobServerQueue] Starting upload of step log file to results service ResultsLog, C:\Users\7dnjf\Desktop\오픈소스\HW2\actions-runner\_diag\blocks\b1cfe245-2cfd-4faa-8ae1-6156476f9bb1_99d05c5d-8f8e-4cff-ab11-8ad10fb54259.1
[2026-04-07 16:38:15Z INFO JobServerQueue] Got a job log file to send to results service.
[2026-04-07 16:38:15Z INFO JobServerQueue] Starting upload of job log file to results service ResultsLog, C:\Users\7dnjf\Desktop\오픈소스\HW2\actions-runner\_diag\blocks\b1cfe245-2cfd-4faa-8ae1-6156476f9bb1_eb4ca358-d25c-5ffd-918f-2bdc8d30ca9c.1
[2026-04-07 16:38:16Z INFO JobServerQueue] Tried to upload 3 file(s) to results, success rate: 3/3.
[2026-04-07 16:38:16Z INFO JobServerQueue] Results upload queue drained.
[2026-04-07 16:38:17Z INFO JobServerQueue] Timeline update queue drained.
[2026-04-07 16:38:17Z INFO JobServerQueue] Disposing job server ...
[2026-04-07 16:38:17Z INFO JobServerQueue] Disposing results server ...
[2026-04-07 16:38:17Z INFO JobServerQueue] All queue process tasks have been stopped, and all queues are drained.
[2026-04-07 16:38:17Z INFO TempDirectoryManager] Cleaning runner temp folder: C:\Users\7dnjf\Desktop\오픈소스\HW2\actions-runner\_work\_temp
[2026-04-07 16:38:17Z INFO HostContext] Well known directory 'Bin': 'C:\Users\7dnjf\Desktop\오픈소스\HW2\actions-runner\bin'
[2026-04-07 16:38:17Z INFO HostContext] Well known directory 'Root': 'C:\Users\7dnjf\Desktop\오픈소스\HW2\actions-runner'
[2026-04-07 16:38:17Z INFO HostContext] Well known directory 'Diag': 'C:\Users\7dnjf\Desktop\오픈소스\HW2\actions-runner\_diag'
[2026-04-07 16:38:17Z INFO HostContext] Well known config file 'Telemetry': 'C:\Users\7dnjf\Desktop\오픈소스\HW2\actions-runner\_diag\.telemetry'
[2026-04-07 16:38:17Z INFO JobRunner] Raising job completed against run service
[2026-04-07 16:38:18Z INFO Worker] Job completed.
