[2026-04-07 17:05:32Z INFO HostContext] No proxy settings were found based on environmental variables (http_proxy/https_proxy/HTTP_PROXY/HTTPS_PROXY)
[2026-04-07 17:05:32Z INFO HostContext] Well known directory 'Bin': 'C:\Users\7dnjf\Desktop\오픈소스\HW2\actions-runner\bin'
[2026-04-07 17:05:32Z INFO HostContext] Well known directory 'Root': 'C:\Users\7dnjf\Desktop\오픈소스\HW2\actions-runner'
[2026-04-07 17:05:32Z INFO HostContext] Well known config file 'Credentials': 'C:\Users\7dnjf\Desktop\오픈소스\HW2\actions-runner\.credentials'
[2026-04-07 17:05:32Z INFO HostContext] Well known directory 'Bin': 'C:\Users\7dnjf\Desktop\오픈소스\HW2\actions-runner\bin'
[2026-04-07 17:05:32Z INFO HostContext] Well known directory 'Root': 'C:\Users\7dnjf\Desktop\오픈소스\HW2\actions-runner'
[2026-04-07 17:05:32Z INFO HostContext] Well known config file 'Runner': 'C:\Users\7dnjf\Desktop\오픈소스\HW2\actions-runner\.runner'
[2026-04-07 17:05:32Z INFO Worker] Version: 2.333.1
[2026-04-07 17:05:32Z INFO Worker] Commit: 6792966801e8925346735b68c03bf9f347af4646
[2026-04-07 17:05:32Z INFO Worker] Culture: ko-KR
[2026-04-07 17:05:32Z INFO Worker] UI Culture: ko-KR
[2026-04-07 17:05:32Z INFO Worker] Waiting to receive the job message from the channel.
[2026-04-07 17:05:32Z INFO ProcessChannel] Receiving message of length 20508, with hash 'd5e97aabed877648323d08cd521f5fde53edeafccdc41dd475faa52f8ba412de'
[2026-04-07 17:05:32Z INFO Worker] Message received.
[2026-04-07 17:05:32Z INFO Worker] Job message:
 {
  "fileTable": [
    ".github/workflows/ci.yml"
  ],
  "mask": [
    {
      "type": "regex",
      "value": "***"
    },
    {
      "type": "regex",
      "value": "***"
    },
    {
      "type": "regex",
      "value": "***"
    },
    {
      "type": "regex",
      "value": "***"
    },
    {
      "type": "regex",
      "value": "***"
    },
    {
      "type": "regex",
      "value": "***"
    },
    {
      "type": "regex",
      "value": "***"
    },
    {
      "type": "regex",
      "value": "***"
    },
    {
      "type": "regex",
      "value": "***"
    },
    {
      "type": "regex",
      "value": "***"
    },
    {
      "type": "regex",
      "value": "***"
    },
    {
      "type": "regex",
      "value": "***"
    },
    {
      "type": "regex",
      "value": "***"
    },
    {
      "type": "regex",
      "value": "***"
    },
    {
      "type": "regex",
      "value": "***"
    },
    {
      "type": "regex",
      "value": "***"
    },
    {
      "type": "regex",
      "value": "***"
    },
    {
      "type": "regex",
      "value": "***"
    }
  ],
  "steps": [
    {
      "type": "action",
      "reference": {
        "type": "repository",
        "name": "actions/checkout",
        "ref": "v4",
        "repositoryType": "GitHub"
      },
      "displayNameToken": {
        "type": 0,
        "file": 1,
        "line": 16,
        "col": 15,
        "lit": "Checkout Code"
      },
      "contextName": "__actions_checkout",
      "condition": "success()",
      "id": "564f3398-1a5c-4bfa-b254-f2134ed5efd8",
      "name": "__actions_checkout"
    },
    {
      "type": "action",
      "reference": {
        "type": "script"
      },
      "displayNameToken": {
        "type": 0,
        "file": 1,
        "line": 20,
        "col": 15,
        "lit": "Login to Docker Hub"
      },
      "contextName": "__run",
      "inputs": {
        "type": 2,
        "map": [
          {
            "key": "script",
            "value": {
              "type": 3,
              "file": 1,
              "line": 22,
              "col": 14,
              "expr": "format('docker login -u \"{0}\" -p \"{1}\"\n', secrets.DOCKERHUB_USERNAME, secrets.DOCKERHUB_TOKEN)"
            }
          }
        ]
      },
      "condition": "success() && (github.event_name != 'pull_request')",
      "id": "4fddb1d0-9d27-44e7-999e-049ebcbd83c7",
      "name": "__run"
    },
    {
      "type": "action",
      "reference": {
        "type": "script"
      },
      "displayNameToken": {
        "type": 0,
        "file": 1,
        "line": 26,
        "col": 15,
        "lit": "Build and Push Docker Image"
      },
      "contextName": "__run_2",
      "inputs": {
        "type": 2,
        "map": [
          {
            "key": "script",
            "value": {
              "type": 3,
              "file": 1,
              "line": 28,
              "col": 14,
              "expr": "format('docker build -t {0}/waste-classifier-api:latest .\ndocker push {1}/waste-classifier-api:latest\n', secrets.DOCKERHUB_USERNAME, secrets.DOCKERHUB_USERNAME)"
            }
          }
        ]
      },
      "condition": "success() && (github.event_name != 'pull_request')",
      "id": "f3eb1c89-58ef-49c3-a01e-2db980632f73",
      "name": "__run_2"
    },
    {
      "type": "action",
      "reference": {
        "type": "script"
      },
      "displayNameToken": {
        "type": 0,
        "file": 1,
        "line": 33,
        "col": 15,
        "lit": "Deploy Local API Server"
      },
      "contextName": "__run_3",
      "inputs": {
        "type": 2,
        "map": [
          {
            "key": "script",
            "value": {
              "type": 0,
              "file": 1,
              "line": 35,
              "col": 14,
              "lit": "# 기존 컨테이너가 있으면 내리고, 새 이미지로 다시 올림\ndocker-compose down\ndocker-compose up -d --build\n"
            }
          }
        ]
      },
      "condition": "success() && (github.event_name != 'pull_request')",
      "id": "2795028f-890e-40bc-a6bf-ae5eea6dbaa4",
      "name": "__run_3"
    }
  ],
  "variables": {
    "Actions.EnableHttpRedirects": {
      "value": "true"
    },
    "DOCKERHUB_TOKEN": {
      "value": "***",
      "isSecret": true
    },
    "DOCKERHUB_USERNAME": {
      "value": "***",
      "isSecret": true
    },
    "DistributedTask.AddWarningToNode12Action": {
      "value": "true"
    },
    "DistributedTask.AddWarningToNode16Action": {
      "value": "true"
    },
    "DistributedTask.AllowRunnerContainerHooks": {
      "value": "true"
    },
    "DistributedTask.DeprecateStepOutputCommands": {
      "value": "true"
    },
    "DistributedTask.DetailUntarFailure": {
      "value": "true"
    },
    "DistributedTask.EnableCompositeActions": {
      "value": "true"
    },
    "DistributedTask.EnableJobServerQueueTelemetry": {
      "value": "true"
    },
    "DistributedTask.EnhancedAnnotations": {
      "value": "true"
    },
    "DistributedTask.ForceGithubJavascriptActionsToNode16": {
      "value": "true"
    },
    "DistributedTask.ForceGithubJavascriptActionsToNode20": {
      "value": "true"
    },
    "DistributedTask.LogTemplateErrorsAsDebugMessages": {
      "value": "true"
    },
    "DistributedTask.MarkJobAsFailedOnWorkerCrash": {
      "value": "true"
    },
    "DistributedTask.NewActionMetadata": {
      "value": "true"
    },
    "DistributedTask.UploadStepSummary": {
      "value": "true"
    },
    "DistributedTask.UseActionArchiveCache": {
      "value": "true"
    },
    "DistributedTask.UseWhich2": {
      "value": "true"
    },
    "RunService.FixEmbeddedIssues": {
      "value": "true"
    },
    "actions.runner.requirenode24": {
      "value": "false"
    },
    "actions.runner.usenode24bydefault": {
      "value": "false"
    },
    "actions.runner.warnonnode20": {
      "value": "true"
    },
    "actions_add_check_run_id_to_job_context": {
      "value": "true"
    },
    "actions_batch_action_resolution": {
      "value": "false"
    },
    "actions_container_action_runner_temp": {
      "value": "true"
    },
    "actions_display_helpful_actions_download_errors": {
      "value": "true"
    },
    "actions_runner_compare_workflow_parser": {
      "value": "false"
    },
    "actions_runner_deprecate_linux_arm32": {
      "value": "false"
    },
    "actions_runner_emit_composite_markers": {
      "value": "false"
    },
    "actions_runner_kill_linux_arm32": {
      "value": "false"
    },
    "actions_runner_node20_removal_date": {
      "value": ""
    },
    "actions_runner_node24_default_date": {
      "value": ""
    },
    "actions_service_container_command": {
      "value": "true"
    },
    "actions_set_orchestration_id_env_for_actions": {
      "value": "true"
    },
    "actions_skip_retry_complete_job_upon_known_errors": {
      "value": "true"
    },
    "actions_snapshot_preflight_hosted_runner_check": {
      "value": "false"
    },
    "actions_snapshot_preflight_image_gen_pool_check": {
      "value": "false"
    },
    "actions_use_bearer_token_for_codeload": {
      "value": "false"
    },
    "actions_uses_cache_service_v2": {
      "value": "true"
    },
    "github_token": {
      "value": "***",
      "isSecret": true
    },
    "system.from_run_service": {
      "value": "true"
    },
    "system.github.job": {
      "value": "build-push-deploy"
    },
    "system.github.launch_endpoint": {
      "value": "https://launch.actions.githubusercontent.com"
    },
    "system.github.results_endpoint": {
      "value": "https://results-receiver.actions.githubusercontent.com/"
    },
    "system.github.results_upload_with_sdk": {
      "value": "true"
    },
    "system.github.token": {
      "value": "***",
      "isSecret": true
    },
    "system.github.token.permissions": {
      "value": "{\"Contents\":\"read\",\"Metadata\":\"read\",\"Packages\":\"read\"}"
    },
    "system.orchestrationId": {
      "value": "fb507e4b-5a58-43cd-94d6-c71ff8fc51d9.build-push-deploy.__default"
    },
    "system.phaseDisplayName": {
      "value": "build-push-deploy"
    },
    "system.runner.lowdiskspacethreshold": {
      "value": "100"
    },
    "system.runnerEnvironment": {
      "value": "self-hosted"
    },
    "system.runnerGroupName": {
      "value": "Default"
    }
  },
  "messageType": "RunnerJobRequest",
  "plan": {
    "scopeIdentifier": "00000000-0000-0000-0000-000000000000",
    "planType": "actions",
    "version": 0,
    "planId": "fb507e4b-5a58-43cd-94d6-c71ff8fc51d9",
    "planGroup": null,
    "artifactUri": null,
    "artifactLocation": null,
    "definition": null,
    "owner": null
  },
  "timeline": {
    "id": "fb507e4b-5a58-43cd-94d6-c71ff8fc51d9",
    "changeId": 0,
    "location": null
  },
  "jobId": "75ed80f1-ab1c-5591-b3f8-a65cad3db660",
  "jobDisplayName": "build-push-deploy",
  "jobName": "__default",
  "requestId": 0,
  "lockedUntil": "0001-01-01T00:00:00",
  "resources": {
    "endpoints": [
      {
        "data": {
          "ServerId": "",
          "ServerName": "",
          "CacheServerUrl": "https://artifactcache.actions.githubusercontent.com/vANgRD29zdWuBfzcBFLPvXYjDLkVAB5groQ267D0rPnWKbAcA5/",
          "FeedStreamUrl": "wss://results-receiver.actions.githubusercontent.com/_ws/ingest.sock",
          "ResultsServiceUrl": "https://results-receiver.actions.githubusercontent.com/",
          "PipelinesServiceUrl": "https://pipelinesghubeus26.actions.githubusercontent.com/vANgRD29zdWuBfzcBFLPvXYjDLkVAB5groQ267D0rPnWKbAcA5/",
          "GenerateIdTokenUrl": "",
          "ConnectivityChecks": "[\"https://broker.actions.githubusercontent.com/health\",\"https://token.actions.githubusercontent.com/ready\",\"https://run.actions.githubusercontent.com/health\"]"
        },
        "name": "SystemVssConnection",
        "url": "https://run-actions-1-azure-eastus.actions.githubusercontent.com/155/",
        "authorization": {
          "parameters": {
            "AccessToken": "***"
          },
          "scheme": "OAuth"
        },
        "isShared": false,
        "isReady": true
      }
    ]
  },
  "contextData": {
    "github": {
      "t": 2,
      "d": [
        {
          "k": "ref",
          "v": "refs/heads/main"
        },
        {
          "k": "sha",
          "v": "35bebf1146f930164ac8f906608d0f23a47f89f0"
        },
        {
          "k": "repository",
          "v": "7dnjf1/HW2"
        },
        {
          "k": "repository_owner",
          "v": "7dnjf1"
        },
        {
          "k": "repository_owner_id",
          "v": "267967325"
        },
        {
          "k": "repositoryUrl",
          "v": "git://github.com/7dnjf1/HW2.git"
        },
        {
          "k": "run_id",
          "v": "24094043308"
        },
        {
          "k": "run_number",
          "v": "4"
        },
        {
          "k": "retention_days",
          "v": "90"
        },
        {
          "k": "run_attempt",
          "v": "1"
        },
        {
          "k": "artifact_cache_size_limit",
          "v": "10"
        },
        {
          "k": "repository_visibility",
          "v": "public"
        },
        {
          "k": "actor_id",
          "v": "267967325"
        },
        {
          "k": "actor",
          "v": "7dnjf1"
        },
        {
          "k": "workflow",
          "v": "Local MLOps CI/CD Pipeline"
        },
        {
          "k": "head_ref",
          "v": ""
        },
        {
          "k": "base_ref",
          "v": ""
        },
        {
          "k": "event_name",
          "v": "push"
        },
        {
          "k": "server_url",
          "v": "https://github.com"
        },
        {
          "k": "api_url",
          "v": "https://api.github.com"
        },
        {
          "k": "graphql_url",
          "v": "https://api.github.com/graphql"
        },
        {
          "k": "ref_name",
          "v": "main"
        },
        {
          "k": "ref_protected",
          "v": false
        },
        {
          "k": "ref_type",
          "v": "branch"
        },
        {
          "k": "secret_source",
          "v": "Actions"
        },
        {
          "k": "event",
          "v": {
            "t": 2,
            "d": [
              {
                "k": "after",
                "v": "35bebf1146f930164ac8f906608d0f23a47f89f0"
              },
              {
                "k": "base_ref",
                "v": null
              },
              {
                "k": "before",
                "v": "60700e5a60672756d54bb21f8525f917d3767fae"
              },
              {
                "k": "commits",
                "v": {
                  "t": 1,
                  "a": [
                    {
                      "t": 2,
                      "d": [
                        {
                          "k": "author",
                          "v": {
                            "t": 2,
                            "d": [
                              {
                                "k": "email",
                                "v": "7dnjf1@khu.ac.kr"
                              },
                              {
                                "k": "name",
                                "v": "7dnjf1"
                              },
                              {
                                "k": "username",
                                "v": "7dnjf1"
                              }
                            ]
                          }
                        },
                        {
                          "k": "committer",
                          "v": {
                            "t": 2,
                            "d": [
                              {
                                "k": "email",
                                "v": "7dnjf1@khu.ac.kr"
                              },
                              {
                                "k": "name",
                                "v": "7dnjf1"
                              },
                              {
                                "k": "username",
                                "v": "7dnjf1"
                              }
                            ]
                          }
                        },
                        {
                          "k": "distinct",
                          "v": true
                        },
                        {
                          "k": "id",
                          "v": "35bebf1146f930164ac8f906608d0f23a47f89f0"
                        },
                        {
                          "k": "message",
                          "v": "feat: complete local MLOps pipeline using native docker engine"
                        },
                        {
                          "k": "timestamp",
                          "v": "2026-04-08T02:03:29+09:00"
                        },
                        {
                          "k": "tree_id",
                          "v": "1a78a674ac4af4be0e356bac679c1aaf50db9d2c"
                        },
                        {
                          "k": "url",
                          "v": "https://github.com/7dnjf1/HW2/commit/35bebf1146f930164ac8f906608d0f23a47f89f0"
                        }
                      ]
                    }
                  ]
                }
              },
              {
                "k": "compare",
                "v": "https://github.com/7dnjf1/HW2/compare/60700e5a6067...35bebf1146f9"
              },
              {
                "k": "created",
                "v": false
              },
              {
                "k": "deleted",
                "v": false
              },
              {
                "k": "forced",
                "v": false
              },
              {
                "k": "head_commit",
                "v": {
                  "t": 2,
                  "d": [
                    {
                      "k": "author",
                      "v": {
                        "t": 2,
                        "d": [
                          {
                            "k": "email",
                            "v": "7dnjf1@khu.ac.kr"
                          },
                          {
                            "k": "name",
                            "v": "7dnjf1"
                          },
                          {
                            "k": "username",
                            "v": "7dnjf1"
                          }
                        ]
                      }
                    },
                    {
                      "k": "committer",
                      "v": {
                        "t": 2,
                        "d": [
                          {
                            "k": "email",
                            "v": "7dnjf1@khu.ac.kr"
                          },
                          {
                            "k": "name",
                            "v": "7dnjf1"
                          },
                          {
                            "k": "username",
                            "v": "7dnjf1"
                          }
                        ]
                      }
                    },
                    {
                      "k": "distinct",
                      "v": true
                    },
                    {
                      "k": "id",
                      "v": "35bebf1146f930164ac8f906608d0f23a47f89f0"
                    },
                    {
                      "k": "message",
                      "v": "feat: complete local MLOps pipeline using native docker engine"
                    },
                    {
                      "k": "timestamp",
                      "v": "2026-04-08T02:03:29+09:00"
                    },
                    {
                      "k": "tree_id",
                      "v": "1a78a674ac4af4be0e356bac679c1aaf50db9d2c"
                    },
                    {
                      "k": "url",
                      "v": "https://github.com/7dnjf1/HW2/commit/35bebf1146f930164ac8f906608d0f23a47f89f0"
                    }
                  ]
                }
              },
              {
                "k": "pusher",
                "v": {
                  "t": 2,
                  "d": [
                    {
                      "k": "email",
                      "v": "7dnjf1@khu.ac.kr"
                    },
                    {
                      "k": "name",
                      "v": "7dnjf1"
                    }
                  ]
                }
              },
              {
                "k": "ref",
                "v": "refs/heads/main"
              },
              {
                "k": "repository",
                "v": {
                  "t": 2,
                  "d": [
                    {
                      "k": "allow_forking",
                      "v": true
                    },
                    {
                      "k": "archive_url",
                      "v": "https://api.github.com/repos/7dnjf1/HW2/{archive_format}{/ref}"
                    },
                    {
                      "k": "archived",
                      "v": false
                    },
                    {
                      "k": "assignees_url",
                      "v": "https://api.github.com/repos/7dnjf1/HW2/assignees{/user}"
                    },
                    {
                      "k": "blobs_url",
                      "v": "https://api.github.com/repos/7dnjf1/HW2/git/blobs{/sha}"
                    },
                    {
                      "k": "branches_url",
                      "v": "https://api.github.com/repos/7dnjf1/HW2/branches{/branch}"
                    },
                    {
                      "k": "clone_url",
                      "v": "https://github.com/7dnjf1/HW2.git"
                    },
                    {
                      "k": "collaborators_url",
                      "v": "https://api.github.com/repos/7dnjf1/HW2/collaborators{/collaborator}"
                    },
                    {
                      "k": "comments_url",
                      "v": "https://api.github.com/repos/7dnjf1/HW2/comments{/number}"
                    },
                    {
                      "k": "commits_url",
                      "v": "https://api.github.com/repos/7dnjf1/HW2/commits{/sha}"
                    },
                    {
                      "k": "compare_url",
                      "v": "https://api.github.com/repos/7dnjf1/HW2/compare/{base}...{head}"
                    },
                    {
                      "k": "contents_url",
                      "v": "https://api.github.com/repos/7dnjf1/HW2/contents/{+path}"
                    },
                    {
                      "k": "contributors_url",
                      "v": "https://api.github.com/repos/7dnjf1/HW2/contributors"
                    },
                    {
                      "k": "created_at",
                      "v": 1774944980.0
                    },
                    {
                      "k": "default_branch",
                      "v": "main"
                    },
                    {
                      "k": "deployments_url",
                      "v": "https://api.github.com/repos/7dnjf1/HW2/deployments"
                    },
                    {
                      "k": "description",
                      "v": null
                    },
                    {
                      "k": "disabled",
                      "v": false
                    },
                    {
                      "k": "downloads_url",
                      "v": "https://api.github.com/repos/7dnjf1/HW2/downloads"
                    },
                    {
                      "k": "events_url",
                      "v": "https://api.github.com/repos/7dnjf1/HW2/events"
                    },
                    {
                      "k": "fork",
                      "v": false
                    },
                    {
                      "k": "forks",
                      "v": 0.0
                    },
                    {
                      "k": "forks_count",
                      "v": 0.0
                    },
                    {
                      "k": "forks_url",
                      "v": "https://api.github.com/repos/7dnjf1/HW2/forks"
                    },
                    {
                      "k": "full_name",
                      "v": "7dnjf1/HW2"
                    },
                    {
                      "k": "git_commits_url",
                      "v": "https://api.github.com/repos/7dnjf1/HW2/git/commits{/sha}"
                    },
                    {
                      "k": "git_refs_url",
                      "v": "https://api.github.com/repos/7dnjf1/HW2/git/refs{/sha}"
                    },
                    {
                      "k": "git_tags_url",
                      "v": "https://api.github.com/repos/7dnjf1/HW2/git/tags{/sha}"
                    },
                    {
                      "k": "git_url",
                      "v": "git://github.com/7dnjf1/HW2.git"
                    },
                    {
                      "k": "has_discussions",
                      "v": false
                    },
                    {
                      "k": "has_downloads",
                      "v": true
                    },
                    {
                      "k": "has_issues",
                      "v": true
                    },
                    {
                      "k": "has_pages",
                      "v": false
                    },
                    {
                      "k": "has_projects",
                      "v": true
                    },
                    {
                      "k": "has_pull_requests",
                      "v": true
                    },
                    {
                      "k": "has_wiki",
                      "v": true
                    },
                    {
                      "k": "homepage",
                      "v": null
                    },
                    {
                      "k": "hooks_url",
                      "v": "https://api.github.com/repos/7dnjf1/HW2/hooks"
                    },
                    {
                      "k": "html_url",
                      "v": "https://github.com/7dnjf1/HW2"
                    },
                    {
                      "k": "id",
                      "v": 1196985026.0
                    },
                    {
                      "k": "is_template",
                      "v": false
                    },
                    {
                      "k": "issue_comment_url",
                      "v": "https://api.github.com/repos/7dnjf1/HW2/issues/comments{/number}"
                    },
                    {
                      "k": "issue_events_url",
                      "v": "https://api.github.com/repos/7dnjf1/HW2/issues/events{/number}"
                    },
                    {
                      "k": "issues_url",
                      "v": "https://api.github.com/repos/7dnjf1/HW2/issues{/number}"
                    },
                    {
                      "k": "keys_url",
                      "v": "https://api.github.com/repos/7dnjf1/HW2/keys{/key_id}"
                    },
                    {
                      "k": "labels_url",
                      "v": "https://api.github.com/repos/7dnjf1/HW2/labels{/name}"
                    },
                    {
                      "k": "language",
                      "v": "TypeScript"
                    },
                    {
                      "k": "languages_url",
                      "v": "https://api.github.com/repos/7dnjf1/HW2/languages"
                    },
                    {
                      "k": "license",
                      "v": null
                    },
                    {
                      "k": "master_branch",
                      "v": "main"
                    },
                    {
                      "k": "merges_url",
                      "v": "https://api.github.com/repos/7dnjf1/HW2/merges"
                    },
                    {
                      "k": "milestones_url",
                      "v": "https://api.github.com/repos/7dnjf1/HW2/milestones{/number}"
                    },
                    {
                      "k": "mirror_url",
                      "v": null
                    },
                    {
                      "k": "name",
                      "v": "HW2"
                    },
                    {
                      "k": "node_id",
                      "v": "R_kgDOR1iKwg"
                    },
                    {
                      "k": "notifications_url",
                      "v": "https://api.github.com/repos/7dnjf1/HW2/notifications{?since,all,participating}"
                    },
                    {
                      "k": "open_issues",
                      "v": 0.0
                    },
                    {
                      "k": "open_issues_count",
                      "v": 0.0
                    },
                    {
                      "k": "owner",
                      "v": {
                        "t": 2,
                        "d": [
                          {
                            "k": "avatar_url",
                            "v": "https://avatars.githubusercontent.com/u/267967325?v=4"
                          },
                          {
                            "k": "email",
                            "v": "7dnjf1@khu.ac.kr"
                          },
                          {
                            "k": "events_url",
                            "v": "https://api.github.com/users/7dnjf1/events{/privacy}"
                          },
                          {
                            "k": "followers_url",
                            "v": "https://api.github.com/users/7dnjf1/followers"
                          },
                          {
                            "k": "following_url",
                            "v": "https://api.github.com/users/7dnjf1/following{/other_user}"
                          },
                          {
                            "k": "gists_url",
                            "v": "https://api.github.com/users/7dnjf1/gists{/gist_id}"
                          },
                          {
                            "k": "gravatar_id",
                            "v": ""
                          },
                          {
                            "k": "html_url",
                            "v": "https://github.com/7dnjf1"
                          },
                          {
                            "k": "id",
                            "v": 267967325.0
                          },
                          {
                            "k": "login",
                            "v": "7dnjf1"
                          },
                          {
                            "k": "name",
                            "v": "7dnjf1"
                          },
                          {
                            "k": "node_id",
                            "v": "U_kgDOD_jbXQ"
                          },
                          {
                            "k": "organizations_url",
                            "v": "https://api.github.com/users/7dnjf1/orgs"
                          },
                          {
                            "k": "received_events_url",
                            "v": "https://api.github.com/users/7dnjf1/received_events"
                          },
                          {
                            "k": "repos_url",
                            "v": "https://api.github.com/users/7dnjf1/repos"
                          },
                          {
                            "k": "site_admin",
                            "v": false
                          },
                          {
                            "k": "starred_url",
                            "v": "https://api.github.com/users/7dnjf1/starred{/owner}{/repo}"
                          },
                          {
                            "k": "subscriptions_url",
                            "v": "https://api.github.com/users/7dnjf1/subscriptions"
                          },
                          {
                            "k": "type",
                            "v": "User"
                          },
                          {
                            "k": "url",
                            "v": "https://api.github.com/users/7dnjf1"
                          },
                          {
                            "k": "user_view_type",
                            "v": "public"
                          }
                        ]
                      }
                    },
                    {
                      "k": "private",
                      "v": false
                    },
                    {
                      "k": "pull_request_creation_policy",
                      "v": "all"
                    },
                    {
                      "k": "pulls_url",
                      "v": "https://api.github.com/repos/7dnjf1/HW2/pulls{/number}"
                    },
                    {
                      "k": "pushed_at",
                      "v": 1775581412.0
                    },
                    {
                      "k": "releases_url",
                      "v": "https://api.github.com/repos/7dnjf1/HW2/releases{/id}"
                    },
                    {
                      "k": "size",
                      "v": 24.0
                    },
                    {
                      "k": "ssh_url",
                      "v": "git@github.com:7dnjf1/HW2.git"
                    },
                    {
                      "k": "stargazers",
                      "v": 0.0
                    },
                    {
                      "k": "stargazers_count",
                      "v": 0.0
                    },
                    {
                      "k": "stargazers_url",
                      "v": "https://api.github.com/repos/7dnjf1/HW2/stargazers"
                    },
                    {
                      "k": "statuses_url",
                      "v": "https://api.github.com/repos/7dnjf1/HW2/statuses/{sha}"
                    },
                    {
                      "k": "subscribers_url",
                      "v": "https://api.github.com/repos/7dnjf1/HW2/subscribers"
                    },
                    {
                      "k": "subscription_url",
                      "v": "https://api.github.com/repos/7dnjf1/HW2/subscription"
                    },
                    {
                      "k": "svn_url",
                      "v": "https://github.com/7dnjf1/HW2"
                    },
                    {
                      "k": "tags_url",
                      "v": "https://api.github.com/repos/7dnjf1/HW2/tags"
                    },
                    {
                      "k": "teams_url",
                      "v": "https://api.github.com/repos/7dnjf1/HW2/teams"
                    },
                    {
                      "k": "topics",
                      "v": {
                        "t": 1
                      }
                    },
                    {
                      "k": "trees_url",
                      "v": "https://api.github.com/repos/7dnjf1/HW2/git/trees{/sha}"
                    },
                    {
                      "k": "updated_at",
                      "v": "2026-04-07T16:46:51Z"
                    },
                    {
                      "k": "url",
                      "v": "https://api.github.com/repos/7dnjf1/HW2"
                    },
                    {
                      "k": "visibility",
                      "v": "public"
                    },
                    {
                      "k": "watchers",
                      "v": 0.0
                    },
                    {
                      "k": "watchers_count",
                      "v": 0.0
                    },
                    {
                      "k": "web_commit_signoff_required",
                      "v": false
                    }
                  ]
                }
              },
              {
                "k": "sender",
                "v": {
                  "t": 2,
                  "d": [
                    {
                      "k": "avatar_url",
                      "v": "https://avatars.githubusercontent.com/u/267967325?v=4"
                    },
                    {
                      "k": "events_url",
                      "v": "https://api.github.com/users/7dnjf1/events{/privacy}"
                    },
                    {
                      "k": "followers_url",
                      "v": "https://api.github.com/users/7dnjf1/followers"
                    },
                    {
                      "k": "following_url",
                      "v": "https://api.github.com/users/7dnjf1/following{/other_user}"
                    },
                    {
                      "k": "gists_url",
                      "v": "https://api.github.com/users/7dnjf1/gists{/gist_id}"
                    },
                    {
                      "k": "gravatar_id",
                      "v": ""
                    },
                    {
                      "k": "html_url",
                      "v": "https://github.com/7dnjf1"
                    },
                    {
                      "k": "id",
                      "v": 267967325.0
                    },
                    {
                      "k": "login",
                      "v": "7dnjf1"
                    },
                    {
                      "k": "node_id",
                      "v": "U_kgDOD_jbXQ"
                    },
                    {
                      "k": "organizations_url",
                      "v": "https://api.github.com/users/7dnjf1/orgs"
                    },
                    {
                      "k": "received_events_url",
                      "v": "https://api.github.com/users/7dnjf1/received_events"
                    },
                    {
                      "k": "repos_url",
                      "v": "https://api.github.com/users/7dnjf1/repos"
                    },
                    {
                      "k": "site_admin",
                      "v": false
                    },
                    {
                      "k": "starred_url",
                      "v": "https://api.github.com/users/7dnjf1/starred{/owner}{/repo}"
                    },
                    {
                      "k": "subscriptions_url",
                      "v": "https://api.github.com/users/7dnjf1/subscriptions"
                    },
                    {
                      "k": "type",
                      "v": "User"
                    },
                    {
                      "k": "url",
                      "v": "https://api.github.com/users/7dnjf1"
                    },
                    {
                      "k": "user_view_type",
                      "v": "public"
                    }
                  ]
                }
              }
            ]
          }
        },
        {
          "k": "workflow_ref",
          "v": "7dnjf1/HW2/.github/workflows/ci.yml@refs/heads/main"
        },
        {
          "k": "workflow_sha",
          "v": "35bebf1146f930164ac8f906608d0f23a47f89f0"
        },
        {
          "k": "repository_id",
          "v": "1196985026"
        },
        {
          "k": "triggering_actor",
          "v": "7dnjf1"
        }
      ]
    },
    "inputs": {
      "t": 2
    },
    "job": {
      "t": 2,
      "d": [
        {
          "k": "check_run_id",
          "v": 70287726426.0
        }
      ]
    },
    "matrix": null,
    "needs": {
      "t": 2
    },
    "strategy": {
      "t": 2,
      "d": [
        {
          "k": "fail-fast",
          "v": true
        },
        {
          "k": "job-index",
          "v": 0.0
        },
        {
          "k": "job-total",
          "v": 1.0
        },
        {
          "k": "max-parallel",
          "v": 1.0
        }
      ]
    },
    "vars": {
      "t": 2
    }
  },
  "billingOwnerId": "U_kgDOD_jbXQ"
}
[2026-04-07 17:05:32Z INFO JobRunner] Job ID 75ed80f1-ab1c-5591-b3f8-a65cad3db660
[2026-04-07 17:05:32Z INFO ConfigurationStore] currentAssemblyLocation: C:\Users\7dnjf\Desktop\오픈소스\HW2\actions-runner\bin\Runner.Worker.dll
[2026-04-07 17:05:32Z INFO HostContext] Well known directory 'Bin': 'C:\Users\7dnjf\Desktop\오픈소스\HW2\actions-runner\bin'
[2026-04-07 17:05:32Z INFO ConfigurationStore] binPath: C:\Users\7dnjf\Desktop\오픈소스\HW2\actions-runner\bin
[2026-04-07 17:05:32Z INFO HostContext] Well known directory 'Bin': 'C:\Users\7dnjf\Desktop\오픈소스\HW2\actions-runner\bin'
[2026-04-07 17:05:32Z INFO HostContext] Well known directory 'Root': 'C:\Users\7dnjf\Desktop\오픈소스\HW2\actions-runner'
[2026-04-07 17:05:32Z INFO ConfigurationStore] RootFolder: C:\Users\7dnjf\Desktop\오픈소스\HW2\actions-runner
[2026-04-07 17:05:32Z INFO HostContext] Well known directory 'Bin': 'C:\Users\7dnjf\Desktop\오픈소스\HW2\actions-runner\bin'
[2026-04-07 17:05:32Z INFO HostContext] Well known directory 'Root': 'C:\Users\7dnjf\Desktop\오픈소스\HW2\actions-runner'
[2026-04-07 17:05:32Z INFO HostContext] Well known config file 'Runner': 'C:\Users\7dnjf\Desktop\오픈소스\HW2\actions-runner\.runner'
[2026-04-07 17:05:32Z INFO ConfigurationStore] ConfigFilePath: C:\Users\7dnjf\Desktop\오픈소스\HW2\actions-runner\.runner
[2026-04-07 17:05:32Z INFO HostContext] Well known directory 'Bin': 'C:\Users\7dnjf\Desktop\오픈소스\HW2\actions-runner\bin'
[2026-04-07 17:05:32Z INFO HostContext] Well known directory 'Root': 'C:\Users\7dnjf\Desktop\오픈소스\HW2\actions-runner'
[2026-04-07 17:05:32Z INFO HostContext] Well known config file 'MigratedRunner': 'C:\Users\7dnjf\Desktop\오픈소스\HW2\actions-runner\.runner_migrated'
[2026-04-07 17:05:32Z INFO ConfigurationStore] MigratedConfigFilePath: C:\Users\7dnjf\Desktop\오픈소스\HW2\actions-runner\.runner_migrated
[2026-04-07 17:05:32Z INFO HostContext] Well known directory 'Bin': 'C:\Users\7dnjf\Desktop\오픈소스\HW2\actions-runner\bin'
[2026-04-07 17:05:32Z INFO HostContext] Well known directory 'Root': 'C:\Users\7dnjf\Desktop\오픈소스\HW2\actions-runner'
[2026-04-07 17:05:32Z INFO HostContext] Well known config file 'Credentials': 'C:\Users\7dnjf\Desktop\오픈소스\HW2\actions-runner\.credentials'
[2026-04-07 17:05:32Z INFO ConfigurationStore] CredFilePath: C:\Users\7dnjf\Desktop\오픈소스\HW2\actions-runner\.credentials
[2026-04-07 17:05:32Z INFO HostContext] Well known directory 'Bin': 'C:\Users\7dnjf\Desktop\오픈소스\HW2\actions-runner\bin'
[2026-04-07 17:05:32Z INFO HostContext] Well known directory 'Root': 'C:\Users\7dnjf\Desktop\오픈소스\HW2\actions-runner'
[2026-04-07 17:05:32Z INFO HostContext] Well known config file 'MigratedCredentials': 'C:\Users\7dnjf\Desktop\오픈소스\HW2\actions-runner\.credentials_migrated'
[2026-04-07 17:05:32Z INFO ConfigurationStore] MigratedCredFilePath: C:\Users\7dnjf\Desktop\오픈소스\HW2\actions-runner\.credentials_migrated
[2026-04-07 17:05:32Z INFO HostContext] Well known directory 'Bin': 'C:\Users\7dnjf\Desktop\오픈소스\HW2\actions-runner\bin'
[2026-04-07 17:05:32Z INFO HostContext] Well known directory 'Root': 'C:\Users\7dnjf\Desktop\오픈소스\HW2\actions-runner'
[2026-04-07 17:05:32Z INFO HostContext] Well known config file 'Service': 'C:\Users\7dnjf\Desktop\오픈소스\HW2\actions-runner\.service'
[2026-04-07 17:05:32Z INFO ConfigurationStore] ServiceConfigFilePath: C:\Users\7dnjf\Desktop\오픈소스\HW2\actions-runner\.service
[2026-04-07 17:05:32Z INFO ConfigurationStore] Read setting file: 389 chars
[2026-04-07 17:05:32Z INFO JobRunner] Initializing launch client
[2026-04-07 17:05:32Z INFO JobServerQueue] Initializing results client
[2026-04-07 17:05:32Z INFO ResultServer] Creating websocket client ...wss://results-receiver.actions.githubusercontent.com/_ws/ingest.sock
[2026-04-07 17:05:32Z INFO ResultServer] Attempting to start websocket client with delay 00:00:00.
[2026-04-07 17:05:32Z INFO JobServerQueue] Start process web console line queue.
[2026-04-07 17:05:32Z INFO JobServerQueue] Start process file upload queue.
[2026-04-07 17:05:32Z INFO JobServerQueue] Start results file upload queue.
[2026-04-07 17:05:32Z INFO JobServerQueue] Starting results-based upload queue...
[2026-04-07 17:05:32Z INFO JobServerQueue] Start process timeline update queue.
[2026-04-07 17:05:32Z INFO ExecutionContext] Initializing Job context
[2026-04-07 17:05:32Z INFO ExecutionContext] Initialize GitHub context
[2026-04-07 17:05:32Z INFO ExecutionContext] Initialize Env context
[2026-04-07 17:05:32Z INFO HostContext] Well known directory 'Bin': 'C:\Users\7dnjf\Desktop\오픈소스\HW2\actions-runner\bin'
[2026-04-07 17:05:32Z INFO HostContext] Well known directory 'Root': 'C:\Users\7dnjf\Desktop\오픈소스\HW2\actions-runner'
[2026-04-07 17:05:32Z INFO HostContext] Well known directory 'Diag': 'C:\Users\7dnjf\Desktop\오픈소스\HW2\actions-runner\_diag'
[2026-04-07 17:05:32Z INFO HostContext] Well known directory 'Bin': 'C:\Users\7dnjf\Desktop\오픈소스\HW2\actions-runner\bin'
[2026-04-07 17:05:32Z INFO HostContext] Well known directory 'Root': 'C:\Users\7dnjf\Desktop\오픈소스\HW2\actions-runner'
[2026-04-07 17:05:32Z INFO HostContext] Well known directory 'Diag': 'C:\Users\7dnjf\Desktop\오픈소스\HW2\actions-runner\_diag'
[2026-04-07 17:05:32Z INFO JobRunner] Starting the job execution context.
[2026-04-07 17:05:32Z INFO HostContext] Well known directory 'Bin': 'C:\Users\7dnjf\Desktop\오픈소스\HW2\actions-runner\bin'
[2026-04-07 17:05:32Z INFO HostContext] Well known directory 'Root': 'C:\Users\7dnjf\Desktop\오픈소스\HW2\actions-runner'
[2026-04-07 17:05:32Z INFO HostContext] Well known directory 'Work': 'C:\Users\7dnjf\Desktop\오픈소스\HW2\actions-runner\_work'
[2026-04-07 17:05:32Z INFO JobRunner] Validating directory permissions for: 'C:\Users\7dnjf\Desktop\오픈소스\HW2\actions-runner\_work'
[2026-04-07 17:05:32Z INFO HostContext] Well known directory 'Bin': 'C:\Users\7dnjf\Desktop\오픈소스\HW2\actions-runner\bin'
[2026-04-07 17:05:32Z INFO HostContext] Well known directory 'Root': 'C:\Users\7dnjf\Desktop\오픈소스\HW2\actions-runner'
[2026-04-07 17:05:32Z INFO HostContext] Well known directory 'Work': 'C:\Users\7dnjf\Desktop\오픈소스\HW2\actions-runner\_work'
[2026-04-07 17:05:32Z INFO HostContext] Well known directory 'Tools': 'C:\Users\7dnjf\Desktop\오픈소스\HW2\actions-runner\_work\_tool'
[2026-04-07 17:05:32Z INFO HostContext] Well known directory 'Bin': 'C:\Users\7dnjf\Desktop\오픈소스\HW2\actions-runner\bin'
[2026-04-07 17:05:32Z INFO HostContext] Well known directory 'Root': 'C:\Users\7dnjf\Desktop\오픈소스\HW2\actions-runner'
[2026-04-07 17:05:32Z INFO HostContext] Well known directory 'Work': 'C:\Users\7dnjf\Desktop\오픈소스\HW2\actions-runner\_work'
[2026-04-07 17:05:32Z INFO HostContext] Well known directory 'Temp': 'C:\Users\7dnjf\Desktop\오픈소스\HW2\actions-runner\_work\_temp'
[2026-04-07 17:05:32Z INFO JobRunner] Getting job extension.
[2026-04-07 17:05:32Z INFO JobRunner] Initialize job. Getting all job steps.
[2026-04-07 17:05:32Z INFO HostContext] Well known directory 'Bin': 'C:\Users\7dnjf\Desktop\오픈소스\HW2\actions-runner\bin'
[2026-04-07 17:05:32Z INFO HostContext] Well known directory 'Root': 'C:\Users\7dnjf\Desktop\오픈소스\HW2\actions-runner'
[2026-04-07 17:05:32Z INFO HostContext] Well known directory 'Diag': 'C:\Users\7dnjf\Desktop\오픈소스\HW2\actions-runner\_diag'
[2026-04-07 17:05:32Z INFO HostContext] Well known directory 'Bin': 'C:\Users\7dnjf\Desktop\오픈소스\HW2\actions-runner\bin'
[2026-04-07 17:05:32Z INFO HostContext] Well known directory 'Root': 'C:\Users\7dnjf\Desktop\오픈소스\HW2\actions-runner'
[2026-04-07 17:05:32Z INFO HostContext] Well known directory 'Diag': 'C:\Users\7dnjf\Desktop\오픈소스\HW2\actions-runner\_diag'
[2026-04-07 17:05:32Z INFO HostContext] Well known directory 'Bin': 'C:\Users\7dnjf\Desktop\오픈소스\HW2\actions-runner\bin'
[2026-04-07 17:05:32Z INFO HostContext] Well known directory 'Root': 'C:\Users\7dnjf\Desktop\오픈소스\HW2\actions-runner'
[2026-04-07 17:05:32Z INFO HostContext] Well known config file 'Credentials': 'C:\Users\7dnjf\Desktop\오픈소스\HW2\actions-runner\.credentials'
[2026-04-07 17:05:32Z INFO HostContext] Well known directory 'Bin': 'C:\Users\7dnjf\Desktop\오픈소스\HW2\actions-runner\bin'
[2026-04-07 17:05:32Z INFO HostContext] Well known directory 'Root': 'C:\Users\7dnjf\Desktop\오픈소스\HW2\actions-runner'
[2026-04-07 17:05:32Z INFO HostContext] Well known config file 'SetupInfo': 'C:\Users\7dnjf\Desktop\오픈소스\HW2\actions-runner\.setup_info'
[2026-04-07 17:05:32Z INFO HostContext] Well known directory 'Bin': 'C:\Users\7dnjf\Desktop\오픈소스\HW2\actions-runner\bin'
[2026-04-07 17:05:32Z INFO HostContext] Well known directory 'Root': 'C:\Users\7dnjf\Desktop\오픈소스\HW2\actions-runner'
[2026-04-07 17:05:32Z INFO HostContext] Well known directory 'Work': 'C:\Users\7dnjf\Desktop\오픈소스\HW2\actions-runner\_work'
[2026-04-07 17:05:32Z INFO PipelineDirectoryManager] Loading tracking config if exists: C:\Users\7dnjf\Desktop\오픈소스\HW2\actions-runner\_work\_PipelineMapping\7dnjf1/HW2\PipelineFolder.json
[2026-04-07 17:05:32Z INFO PipelineDirectoryManager] Updating job run properties.
[2026-04-07 17:05:32Z INFO HostContext] Well known directory 'Bin': 'C:\Users\7dnjf\Desktop\오픈소스\HW2\actions-runner\bin'
[2026-04-07 17:05:32Z INFO HostContext] Well known directory 'Root': 'C:\Users\7dnjf\Desktop\오픈소스\HW2\actions-runner'
[2026-04-07 17:05:32Z INFO HostContext] Well known directory 'Work': 'C:\Users\7dnjf\Desktop\오픈소스\HW2\actions-runner\_work'
[2026-04-07 17:05:32Z INFO HostContext] Well known directory 'Bin': 'C:\Users\7dnjf\Desktop\오픈소스\HW2\actions-runner\bin'
[2026-04-07 17:05:32Z INFO HostContext] Well known directory 'Root': 'C:\Users\7dnjf\Desktop\오픈소스\HW2\actions-runner'
[2026-04-07 17:05:32Z INFO HostContext] Well known directory 'Work': 'C:\Users\7dnjf\Desktop\오픈소스\HW2\actions-runner\_work'
[2026-04-07 17:05:32Z INFO HostContext] Well known directory 'Bin': 'C:\Users\7dnjf\Desktop\오픈소스\HW2\actions-runner\bin'
[2026-04-07 17:05:32Z INFO HostContext] Well known directory 'Root': 'C:\Users\7dnjf\Desktop\오픈소스\HW2\actions-runner'
[2026-04-07 17:05:32Z INFO HostContext] Well known directory 'Work': 'C:\Users\7dnjf\Desktop\오픈소스\HW2\actions-runner\_work'
[2026-04-07 17:05:32Z INFO JobExtension] Downloading actions
[2026-04-07 17:05:32Z INFO HostContext] Well known directory 'Bin': 'C:\Users\7dnjf\Desktop\오픈소스\HW2\actions-runner\bin'
[2026-04-07 17:05:32Z INFO HostContext] Well known directory 'Root': 'C:\Users\7dnjf\Desktop\오픈소스\HW2\actions-runner'
[2026-04-07 17:05:32Z INFO HostContext] Well known directory 'Work': 'C:\Users\7dnjf\Desktop\오픈소스\HW2\actions-runner\_work'
[2026-04-07 17:05:32Z INFO HostContext] Well known directory 'Actions': 'C:\Users\7dnjf\Desktop\오픈소스\HW2\actions-runner\_work\_actions'
[2026-04-07 17:05:33Z INFO Worker] Listening for cancel message from the channel.
[2026-04-07 17:05:33Z INFO Worker] Waiting for the job to complete or for a cancel message from the channel.
[2026-04-07 17:05:33Z INFO ResultServer] Successfully started websocket client.
[2026-04-07 17:05:33Z INFO JobServerQueue] Try to append 1 batches web console lines for record '8324a055-e106-47dc-8133-c6dcbacd27f6', success rate: 1/1.
[2026-04-07 17:05:34Z INFO HostContext] Well known directory 'Bin': 'C:\Users\7dnjf\Desktop\오픈소스\HW2\actions-runner\bin'
[2026-04-07 17:05:34Z INFO HostContext] Well known directory 'Root': 'C:\Users\7dnjf\Desktop\오픈소스\HW2\actions-runner'
[2026-04-07 17:05:34Z INFO HostContext] Well known directory 'Work': 'C:\Users\7dnjf\Desktop\오픈소스\HW2\actions-runner\_work'
[2026-04-07 17:05:34Z INFO HostContext] Well known directory 'Actions': 'C:\Users\7dnjf\Desktop\오픈소스\HW2\actions-runner\_work\_actions'
[2026-04-07 17:05:34Z INFO HostContext] Well known directory 'Bin': 'C:\Users\7dnjf\Desktop\오픈소스\HW2\actions-runner\bin'
[2026-04-07 17:05:34Z INFO HostContext] Well known directory 'Root': 'C:\Users\7dnjf\Desktop\오픈소스\HW2\actions-runner'
[2026-04-07 17:05:34Z INFO HostContext] Well known directory 'Work': 'C:\Users\7dnjf\Desktop\오픈소스\HW2\actions-runner\_work'
[2026-04-07 17:05:34Z INFO HostContext] Well known directory 'Actions': 'C:\Users\7dnjf\Desktop\오픈소스\HW2\actions-runner\_work\_actions'
[2026-04-07 17:05:34Z INFO ActionManager] Save archive 'https://api.github.com/repos/actions/checkout/zipball/34e114876b0b11c390a56381ad16ebd13914f8d5' into C:\Users\7dnjf\Desktop\오픈소스\HW2\actions-runner\_work\_actions\_temp_04d00d6c-c0df-4618-be39-2b1722816e59\bb5d7a7c-65bc-4265-a676-8e1d7408e657.zip.
[2026-04-07 17:05:34Z INFO JobServerQueue] Try to append 1 batches web console lines for record '8324a055-e106-47dc-8133-c6dcbacd27f6', success rate: 1/1.
[2026-04-07 17:05:34Z INFO JobServerQueue] Job timeline record has been updated for the first time.
[2026-04-07 17:05:35Z INFO ActionManager] Request URL: https://api.github.com/repos/actions/checkout/zipball/34e114876b0b11c390a56381ad16ebd13914f8d5 X-GitHub-Request-Id: EA14:3EE2A4:1520:12663:69D5395E Http Status: OK
[2026-04-07 17:05:35Z INFO ActionManager] Finished getting action repository.
[2026-04-07 17:05:35Z INFO HostContext] Well known directory 'Bin': 'C:\Users\7dnjf\Desktop\오픈소스\HW2\actions-runner\bin'
[2026-04-07 17:05:35Z INFO HostContext] Well known directory 'Root': 'C:\Users\7dnjf\Desktop\오픈소스\HW2\actions-runner'
[2026-04-07 17:05:35Z INFO HostContext] Well known directory 'Work': 'C:\Users\7dnjf\Desktop\오픈소스\HW2\actions-runner\_work'
[2026-04-07 17:05:35Z INFO HostContext] Well known directory 'Actions': 'C:\Users\7dnjf\Desktop\오픈소스\HW2\actions-runner\_work\_actions'
[2026-04-07 17:05:35Z INFO ActionManifestManagerLegacy] Load schema file with definitions: [
  "null",
  "boolean",
  "number",
  "string",
  "sequence",
  "mapping",
  "any",
  "action-root",
  "inputs",
  "input",
  "outputs",
  "output-definition",
  "runs",
  "container-runs",
  "container-runs-args",
  "container-runs-env",
  "node-runs",
  "plugin-runs",
  "composite-runs",
  "composite-steps",
  "composite-step",
  "run-step",
  "uses-step",
  "container-runs-context",
  "output-value",
  "input-default-context",
  "non-empty-string",
  "string-steps-context",
  "boolean-steps-context",
  "step-env",
  "step-if",
  "step-with"
]
[2026-04-07 17:05:35Z INFO ActionManifestManager] Load schema file with definitions: [
  "null",
  "boolean",
  "number",
  "string",
  "sequence",
  "mapping",
  "any",
  "action-root",
  "inputs",
  "input",
  "outputs",
  "output-definition",
  "runs",
  "container-runs",
  "container-runs-args",
  "container-runs-env",
  "node-runs",
  "plugin-runs",
  "composite-runs",
  "composite-steps",
  "composite-step",
  "run-step",
  "uses-step",
  "container-runs-context",
  "output-value",
  "input-default-context",
  "non-empty-string",
  "string-steps-context",
  "boolean-steps-context",
  "step-env",
  "step-if",
  "step-with"
]
[2026-04-07 17:05:35Z INFO HostContext] Well known directory 'Bin': 'C:\Users\7dnjf\Desktop\오픈소스\HW2\actions-runner\bin'
[2026-04-07 17:05:35Z INFO HostContext] Well known directory 'Root': 'C:\Users\7dnjf\Desktop\오픈소스\HW2\actions-runner'
[2026-04-07 17:05:35Z INFO HostContext] Well known directory 'Work': 'C:\Users\7dnjf\Desktop\오픈소스\HW2\actions-runner\_work'
[2026-04-07 17:05:35Z INFO HostContext] Well known directory 'Actions': 'C:\Users\7dnjf\Desktop\오픈소스\HW2\actions-runner\_work\_actions'
[2026-04-07 17:05:36Z INFO ActionManifestManagerLegacy] Loaded action.yml file: {
  "name": "Checkout",
  "description": "Checkout a Git repository at a particular version",
  "inputs": {
    "type": 2,
    "map": [
      {
        "key": {
          "type": 0,
          "file": 2,
          "line": 4,
          "col": 3,
          "lit": "repository"
        },
        "value": {
          "type": 3,
          "file": 2,
          "line": 6,
          "col": 14,
          "expr": "github.repository"
        }
      },
      {
        "key": {
          "type": 0,
          "file": 2,
          "line": 7,
          "col": 3,
          "lit": "ref"
        },
        "value": ""
      },
      {
        "key": {
          "type": 0,
          "file": 2,
          "line": 12,
          "col": 3,
          "lit": "token"
        },
        "value": {
          "type": 3,
          "file": 2,
          "line": 24,
          "col": 14,
          "expr": "github.token"
        }
      },
      {
        "key": {
          "type": 0,
          "file": 2,
          "line": 25,
          "col": 3,
          "lit": "ssh-key"
        },
        "value": ""
      },
      {
        "key": {
          "type": 0,
          "file": 2,
          "line": 37,
          "col": 3,
          "lit": "ssh-known-hosts"
        },
        "value": ""
      },
      {
        "key": {
          "type": 0,
          "file": 2,
          "line": 42,
          "col": 3,
          "lit": "ssh-strict"
        },
        "value": {
          "type": 0,
          "file": 2,
          "line": 47,
          "col": 14,
          "lit": "true"
        }
      },
      {
        "key": {
          "type": 0,
          "file": 2,
          "line": 48,
          "col": 3,
          "lit": "ssh-user"
        },
        "value": {
          "type": 0,
          "file": 2,
          "line": 51,
          "col": 14,
          "lit": "git"
        }
      },
      {
        "key": {
          "type": 0,
          "file": 2,
          "line": 52,
          "col": 3,
          "lit": "persist-credentials"
        },
        "value": {
          "type": 0,
          "file": 2,
          "line": 54,
          "col": 14,
          "lit": "true"
        }
      },
      {
        "key": {
          "type": 0,
          "file": 2,
          "line": 55,
          "col": 3,
          "lit": "path"
        },
        "value": ""
      },
      {
        "key": {
          "type": 0,
          "file": 2,
          "line": 57,
          "col": 3,
          "lit": "clean"
        },
        "value": {
          "type": 0,
          "file": 2,
          "line": 59,
          "col": 14,
          "lit": "true"
        }
      },
      {
        "key": {
          "type": 0,
          "file": 2,
          "line": 60,
          "col": 3,
          "lit": "filter"
        },
        "value": {
          "type": 0,
          "file": 2,
          "line": 64,
          "col": 14,
          "lit": ""
        }
      },
      {
        "key": {
          "type": 0,
          "file": 2,
          "line": 65,
          "col": 3,
          "lit": "sparse-checkout"
        },
        "value": {
          "type": 0,
          "file": 2,
          "line": 69,
          "col": 14,
          "lit": ""
        }
      },
      {
        "key": {
          "type": 0,
          "file": 2,
          "line": 70,
          "col": 3,
          "lit": "sparse-checkout-cone-mode"
        },
        "value": {
          "type": 0,
          "file": 2,
          "line": 73,
          "col": 14,
          "lit": "true"
        }
      },
      {
        "key": {
          "type": 0,
          "file": 2,
          "line": 74,
          "col": 3,
          "lit": "fetch-depth"
        },
        "value": {
          "type": 0,
          "file": 2,
          "line": 76,
          "col": 14,
          "lit": "1"
        }
      },
      {
        "key": {
          "type": 0,
          "file": 2,
          "line": 77,
          "col": 3,
          "lit": "fetch-tags"
        },
        "value": {
          "type": 0,
          "file": 2,
          "line": 79,
          "col": 14,
          "lit": "false"
        }
      },
      {
        "key": {
          "type": 0,
          "file": 2,
          "line": 80,
          "col": 3,
          "lit": "show-progress"
        },
        "value": {
          "type": 0,
          "file": 2,
          "line": 82,
          "col": 14,
          "lit": "true"
        }
      },
      {
        "key": {
          "type": 0,
          "file": 2,
          "line": 83,
          "col": 3,
          "lit": "lfs"
        },
        "value": {
          "type": 0,
          "file": 2,
          "line": 85,
          "col": 14,
          "lit": "false"
        }
      },
      {
        "key": {
          "type": 0,
          "file": 2,
          "line": 86,
          "col": 3,
          "lit": "submodules"
        },
        "value": {
          "type": 0,
          "file": 2,
          "line": 94,
          "col": 14,
          "lit": "false"
        }
      },
      {
        "key": {
          "type": 0,
          "file": 2,
          "line": 95,
          "col": 3,
          "lit": "set-safe-directory"
        },
        "value": {
          "type": 0,
          "file": 2,
          "line": 97,
          "col": 14,
          "lit": "true"
        }
      },
      {
        "key": {
          "type": 0,
          "file": 2,
          "line": 98,
          "col": 3,
          "lit": "github-server-url"
        },
        "value": ""
      }
    ]
  },
  "execution": {
    "executionType": "nodeJS",
    "hasPre": false,
    "hasPost": true,
    "script": "dist/index.js",
    "pre": null,
    "post": "dist/index.js",
    "nodeVersion": "node20",
    "cleanupCondition": "always()",
    "initCondition": "always()"
  },
  "deprecated": null
}
[2026-04-07 17:05:36Z INFO ActionManager] Action node.js file: dist/index.js, no more preparation.
[2026-04-07 17:05:36Z INFO HostContext] Well known directory 'Bin': 'C:\Users\7dnjf\Desktop\오픈소스\HW2\actions-runner\bin'
[2026-04-07 17:05:36Z INFO HostContext] Well known directory 'Root': 'C:\Users\7dnjf\Desktop\오픈소스\HW2\actions-runner'
[2026-04-07 17:05:36Z INFO HostContext] Well known directory 'Work': 'C:\Users\7dnjf\Desktop\오픈소스\HW2\actions-runner\_work'
[2026-04-07 17:05:36Z INFO HostContext] Well known directory 'Actions': 'C:\Users\7dnjf\Desktop\오픈소스\HW2\actions-runner\_work\_actions'
[2026-04-07 17:05:36Z INFO ActionManager] Load action that reference repository from 'C:\Users\7dnjf\Desktop\오픈소스\HW2\actions-runner\_work\_actions\actions\checkout\v4'
[2026-04-07 17:05:36Z INFO HostContext] Well known directory 'Bin': 'C:\Users\7dnjf\Desktop\오픈소스\HW2\actions-runner\bin'
[2026-04-07 17:05:36Z INFO HostContext] Well known directory 'Root': 'C:\Users\7dnjf\Desktop\오픈소스\HW2\actions-runner'
[2026-04-07 17:05:36Z INFO HostContext] Well known directory 'Work': 'C:\Users\7dnjf\Desktop\오픈소스\HW2\actions-runner\_work'
[2026-04-07 17:05:36Z INFO HostContext] Well known directory 'Actions': 'C:\Users\7dnjf\Desktop\오픈소스\HW2\actions-runner\_work\_actions'
[2026-04-07 17:05:36Z INFO ActionManifestManagerLegacy] Loaded action.yml file: {
  "name": "Checkout",
  "description": "Checkout a Git repository at a particular version",
  "inputs": {
    "type": 2,
    "map": [
      {
        "key": {
          "type": 0,
          "file": 2,
          "line": 4,
          "col": 3,
          "lit": "repository"
        },
        "value": {
          "type": 3,
          "file": 2,
          "line": 6,
          "col": 14,
          "expr": "github.repository"
        }
      },
      {
        "key": {
          "type": 0,
          "file": 2,
          "line": 7,
          "col": 3,
          "lit": "ref"
        },
        "value": ""
      },
      {
        "key": {
          "type": 0,
          "file": 2,
          "line": 12,
          "col": 3,
          "lit": "token"
        },
        "value": {
          "type": 3,
          "file": 2,
          "line": 24,
          "col": 14,
          "expr": "github.token"
        }
      },
      {
        "key": {
          "type": 0,
          "file": 2,
          "line": 25,
          "col": 3,
          "lit": "ssh-key"
        },
        "value": ""
      },
      {
        "key": {
          "type": 0,
          "file": 2,
          "line": 37,
          "col": 3,
          "lit": "ssh-known-hosts"
        },
        "value": ""
      },
      {
        "key": {
          "type": 0,
          "file": 2,
          "line": 42,
          "col": 3,
          "lit": "ssh-strict"
        },
        "value": {
          "type": 0,
          "file": 2,
          "line": 47,
          "col": 14,
          "lit": "true"
        }
      },
      {
        "key": {
          "type": 0,
          "file": 2,
          "line": 48,
          "col": 3,
          "lit": "ssh-user"
        },
        "value": {
          "type": 0,
          "file": 2,
          "line": 51,
          "col": 14,
          "lit": "git"
        }
      },
      {
        "key": {
          "type": 0,
          "file": 2,
          "line": 52,
          "col": 3,
          "lit": "persist-credentials"
        },
        "value": {
          "type": 0,
          "file": 2,
          "line": 54,
          "col": 14,
          "lit": "true"
        }
      },
      {
        "key": {
          "type": 0,
          "file": 2,
          "line": 55,
          "col": 3,
          "lit": "path"
        },
        "value": ""
      },
      {
        "key": {
          "type": 0,
          "file": 2,
          "line": 57,
          "col": 3,
          "lit": "clean"
        },
        "value": {
          "type": 0,
          "file": 2,
          "line": 59,
          "col": 14,
          "lit": "true"
        }
      },
      {
        "key": {
          "type": 0,
          "file": 2,
          "line": 60,
          "col": 3,
          "lit": "filter"
        },
        "value": {
          "type": 0,
          "file": 2,
          "line": 64,
          "col": 14,
          "lit": ""
        }
      },
      {
        "key": {
          "type": 0,
          "file": 2,
          "line": 65,
          "col": 3,
          "lit": "sparse-checkout"
        },
        "value": {
          "type": 0,
          "file": 2,
          "line": 69,
          "col": 14,
          "lit": ""
        }
      },
      {
        "key": {
          "type": 0,
          "file": 2,
          "line": 70,
          "col": 3,
          "lit": "sparse-checkout-cone-mode"
        },
        "value": {
          "type": 0,
          "file": 2,
          "line": 73,
          "col": 14,
          "lit": "true"
        }
      },
      {
        "key": {
          "type": 0,
          "file": 2,
          "line": 74,
          "col": 3,
          "lit": "fetch-depth"
        },
        "value": {
          "type": 0,
          "file": 2,
          "line": 76,
          "col": 14,
          "lit": "1"
        }
      },
      {
        "key": {
          "type": 0,
          "file": 2,
          "line": 77,
          "col": 3,
          "lit": "fetch-tags"
        },
        "value": {
          "type": 0,
          "file": 2,
          "line": 79,
          "col": 14,
          "lit": "false"
        }
      },
      {
        "key": {
          "type": 0,
          "file": 2,
          "line": 80,
          "col": 3,
          "lit": "show-progress"
        },
        "value": {
          "type": 0,
          "file": 2,
          "line": 82,
          "col": 14,
          "lit": "true"
        }
      },
      {
        "key": {
          "type": 0,
          "file": 2,
          "line": 83,
          "col": 3,
          "lit": "lfs"
        },
        "value": {
          "type": 0,
          "file": 2,
          "line": 85,
          "col": 14,
          "lit": "false"
        }
      },
      {
        "key": {
          "type": 0,
          "file": 2,
          "line": 86,
          "col": 3,
          "lit": "submodules"
        },
        "value": {
          "type": 0,
          "file": 2,
          "line": 94,
          "col": 14,
          "lit": "false"
        }
      },
      {
        "key": {
          "type": 0,
          "file": 2,
          "line": 95,
          "col": 3,
          "lit": "set-safe-directory"
        },
        "value": {
          "type": 0,
          "file": 2,
          "line": 97,
          "col": 14,
          "lit": "true"
        }
      },
      {
        "key": {
          "type": 0,
          "file": 2,
          "line": 98,
          "col": 3,
          "lit": "github-server-url"
        },
        "value": ""
      }
    ]
  },
  "execution": {
    "executionType": "nodeJS",
    "hasPre": false,
    "hasPost": true,
    "script": "dist/index.js",
    "pre": null,
    "post": "dist/index.js",
    "nodeVersion": "node20",
    "cleanupCondition": "always()",
    "initCondition": "always()"
  },
  "deprecated": null
}
[2026-04-07 17:05:36Z INFO ActionManager] Action pre node.js file: N/A.
[2026-04-07 17:05:36Z INFO ActionManager] Action node.js file: dist/index.js.
[2026-04-07 17:05:36Z INFO ActionManager] Action post node.js file: dist/index.js.
[2026-04-07 17:05:36Z INFO JobExtension] Adding .
[2026-04-07 17:05:36Z INFO JobExtension] Adding .
[2026-04-07 17:05:36Z INFO JobExtension] Adding .
[2026-04-07 17:05:36Z INFO JobExtension] Adding .
[2026-04-07 17:05:36Z INFO HostContext] Well known directory 'Bin': 'C:\Users\7dnjf\Desktop\오픈소스\HW2\actions-runner\bin'
[2026-04-07 17:05:36Z INFO HostContext] Well known directory 'Root': 'C:\Users\7dnjf\Desktop\오픈소스\HW2\actions-runner'
[2026-04-07 17:05:36Z INFO HostContext] Well known directory 'Diag': 'C:\Users\7dnjf\Desktop\오픈소스\HW2\actions-runner\_diag'
[2026-04-07 17:05:36Z INFO HostContext] Well known directory 'Bin': 'C:\Users\7dnjf\Desktop\오픈소스\HW2\actions-runner\bin'
[2026-04-07 17:05:36Z INFO HostContext] Well known directory 'Root': 'C:\Users\7dnjf\Desktop\오픈소스\HW2\actions-runner'
[2026-04-07 17:05:36Z INFO HostContext] Well known directory 'Diag': 'C:\Users\7dnjf\Desktop\오픈소스\HW2\actions-runner\_diag'
[2026-04-07 17:05:36Z INFO HostContext] Well known directory 'Bin': 'C:\Users\7dnjf\Desktop\오픈소스\HW2\actions-runner\bin'
[2026-04-07 17:05:36Z INFO HostContext] Well known directory 'Root': 'C:\Users\7dnjf\Desktop\오픈소스\HW2\actions-runner'
[2026-04-07 17:05:36Z INFO HostContext] Well known directory 'Diag': 'C:\Users\7dnjf\Desktop\오픈소스\HW2\actions-runner\_diag'
[2026-04-07 17:05:36Z INFO HostContext] Well known directory 'Bin': 'C:\Users\7dnjf\Desktop\오픈소스\HW2\actions-runner\bin'
[2026-04-07 17:05:36Z INFO HostContext] Well known directory 'Root': 'C:\Users\7dnjf\Desktop\오픈소스\HW2\actions-runner'
[2026-04-07 17:05:36Z INFO HostContext] Well known directory 'Diag': 'C:\Users\7dnjf\Desktop\오픈소스\HW2\actions-runner\_diag'
[2026-04-07 17:05:36Z INFO HostContext] Well known directory 'Bin': 'C:\Users\7dnjf\Desktop\오픈소스\HW2\actions-runner\bin'
[2026-04-07 17:05:36Z INFO HostContext] Well known directory 'Root': 'C:\Users\7dnjf\Desktop\오픈소스\HW2\actions-runner'
[2026-04-07 17:05:36Z INFO HostContext] Well known directory 'Diag': 'C:\Users\7dnjf\Desktop\오픈소스\HW2\actions-runner\_diag'
[2026-04-07 17:05:36Z INFO HostContext] Well known directory 'Bin': 'C:\Users\7dnjf\Desktop\오픈소스\HW2\actions-runner\bin'
[2026-04-07 17:05:36Z INFO HostContext] Well known directory 'Root': 'C:\Users\7dnjf\Desktop\오픈소스\HW2\actions-runner'
[2026-04-07 17:05:36Z INFO HostContext] Well known directory 'Diag': 'C:\Users\7dnjf\Desktop\오픈소스\HW2\actions-runner\_diag'
[2026-04-07 17:05:36Z INFO HostContext] Well known directory 'Bin': 'C:\Users\7dnjf\Desktop\오픈소스\HW2\actions-runner\bin'
[2026-04-07 17:05:36Z INFO HostContext] Well known directory 'Root': 'C:\Users\7dnjf\Desktop\오픈소스\HW2\actions-runner'
[2026-04-07 17:05:36Z INFO HostContext] Well known directory 'Diag': 'C:\Users\7dnjf\Desktop\오픈소스\HW2\actions-runner\_diag'
[2026-04-07 17:05:36Z INFO HostContext] Well known directory 'Bin': 'C:\Users\7dnjf\Desktop\오픈소스\HW2\actions-runner\bin'
[2026-04-07 17:05:36Z INFO HostContext] Well known directory 'Root': 'C:\Users\7dnjf\Desktop\오픈소스\HW2\actions-runner'
[2026-04-07 17:05:36Z INFO HostContext] Well known directory 'Diag': 'C:\Users\7dnjf\Desktop\오픈소스\HW2\actions-runner\_diag'
[2026-04-07 17:05:36Z INFO JobExtension] Total accessible running process: 295.
[2026-04-07 17:05:36Z INFO HostContext] Well known directory 'Bin': 'C:\Users\7dnjf\Desktop\오픈소스\HW2\actions-runner\bin'
[2026-04-07 17:05:36Z INFO HostContext] Well known directory 'Root': 'C:\Users\7dnjf\Desktop\오픈소스\HW2\actions-runner'
[2026-04-07 17:05:36Z INFO HostContext] Well known directory 'Work': 'C:\Users\7dnjf\Desktop\오픈소스\HW2\actions-runner\_work'
[2026-04-07 17:05:36Z INFO JobExtension] Start checking server connectivity.
[2026-04-07 17:05:36Z INFO JobExtension] Check server connectivity for https://broker.actions.githubusercontent.com/health.
[2026-04-07 17:05:36Z INFO JobExtension] Check server connectivity for https://token.actions.githubusercontent.com/ready.
[2026-04-07 17:05:36Z INFO JobExtension] Check server connectivity for https://run.actions.githubusercontent.com/health.
[2026-04-07 17:05:36Z INFO JobExtension] Start checking service connectivity in background.
[2026-04-07 17:05:36Z INFO ExecutionContext] Publish step telemetry for current step {
  "action": "setup_job",
  "type": "runner",
  "stage": "Pre",
  "stepId": "8324a055-e106-47dc-8133-c6dcbacd27f6",
  "result": "succeeded",
  "errorMessages": [],
  "executionTimeInSeconds": 4,
  "startTime": "2026-04-07T17:05:32.8265287Z",
  "finishTime": "2026-04-07T17:05:36.3043937Z"
}.
[2026-04-07 17:05:36Z INFO JobRunner] Total job steps: 4.
[2026-04-07 17:05:36Z INFO JobRunner] Run all job steps.
[2026-04-07 17:05:36Z INFO StepsRunner] Processing step: DisplayName='Checkout Code'
[2026-04-07 17:05:36Z INFO StepsRunner] Evaluating: success()
[2026-04-07 17:05:36Z INFO StepsRunner] Result: true
[2026-04-07 17:05:36Z INFO StepsRunner] Starting the step.
[2026-04-07 17:05:36Z INFO HostContext] Well known directory 'Bin': 'C:\Users\7dnjf\Desktop\오픈소스\HW2\actions-runner\bin'
[2026-04-07 17:05:36Z INFO HostContext] Well known directory 'Root': 'C:\Users\7dnjf\Desktop\오픈소스\HW2\actions-runner'
[2026-04-07 17:05:36Z INFO HostContext] Well known directory 'Work': 'C:\Users\7dnjf\Desktop\오픈소스\HW2\actions-runner\_work'
[2026-04-07 17:05:36Z INFO StepsRunner] Which2: 'chcp'
[2026-04-07 17:05:36Z INFO StepsRunner] Location: 'C:\Windows\system32\chcp.COM'
[2026-04-07 17:05:36Z INFO ProcessInvokerWrapper] Starting process:
[2026-04-07 17:05:36Z INFO ProcessInvokerWrapper]   File name: 'C:\Windows\system32\chcp.COM'
[2026-04-07 17:05:36Z INFO ProcessInvokerWrapper]   Arguments: '65001'
[2026-04-07 17:05:36Z INFO ProcessInvokerWrapper]   Working directory: 'C:\Users\7dnjf\Desktop\오픈소스\HW2\actions-runner\_work'
[2026-04-07 17:05:36Z INFO ProcessInvokerWrapper]   Require exit code zero: 'False'
[2026-04-07 17:05:36Z INFO ProcessInvokerWrapper]   Encoding web name:  ; code page: ''
[2026-04-07 17:05:36Z INFO ProcessInvokerWrapper]   Force kill process on cancellation: 'False'
[2026-04-07 17:05:36Z INFO ProcessInvokerWrapper]   Redirected STDIN: 'False'
[2026-04-07 17:05:36Z INFO ProcessInvokerWrapper]   Persist current code page: 'True'
[2026-04-07 17:05:36Z INFO ProcessInvokerWrapper]   Keep redirected STDIN open: 'False'
[2026-04-07 17:05:36Z INFO ProcessInvokerWrapper]   High priority process: 'False'
[2026-04-07 17:05:36Z INFO ProcessInvokerWrapper] Process started with process id 6344, waiting for process exit.
[2026-04-07 17:05:36Z INFO JobServerQueue] Try to append 1 batches web console lines for record '8324a055-e106-47dc-8133-c6dcbacd27f6', success rate: 1/1.
[2026-04-07 17:05:36Z INFO ProcessInvokerWrapper] STDOUT/STDERR stream read finished.
[2026-04-07 17:05:36Z INFO ProcessInvokerWrapper] STDOUT/STDERR stream read finished.
[2026-04-07 17:05:36Z INFO ProcessInvokerWrapper] Finished process 6344 with exit code 0, and elapsed time 00:00:00.0468599.
[2026-04-07 17:05:36Z INFO StepsRunner] Successfully returned to code page 65001 (UTF8)
[2026-04-07 17:05:36Z INFO HostContext] Well known directory 'Bin': 'C:\Users\7dnjf\Desktop\오픈소스\HW2\actions-runner\bin'
[2026-04-07 17:05:36Z INFO HostContext] Well known directory 'Root': 'C:\Users\7dnjf\Desktop\오픈소스\HW2\actions-runner'
[2026-04-07 17:05:36Z INFO HostContext] Well known directory 'Work': 'C:\Users\7dnjf\Desktop\오픈소스\HW2\actions-runner\_work'
[2026-04-07 17:05:36Z INFO HostContext] Well known directory 'Actions': 'C:\Users\7dnjf\Desktop\오픈소스\HW2\actions-runner\_work\_actions'
[2026-04-07 17:05:36Z INFO ActionManager] Load action that reference repository from 'C:\Users\7dnjf\Desktop\오픈소스\HW2\actions-runner\_work\_actions\actions\checkout\v4'
[2026-04-07 17:05:36Z INFO HostContext] Well known directory 'Bin': 'C:\Users\7dnjf\Desktop\오픈소스\HW2\actions-runner\bin'
[2026-04-07 17:05:36Z INFO HostContext] Well known directory 'Root': 'C:\Users\7dnjf\Desktop\오픈소스\HW2\actions-runner'
[2026-04-07 17:05:36Z INFO HostContext] Well known directory 'Work': 'C:\Users\7dnjf\Desktop\오픈소스\HW2\actions-runner\_work'
[2026-04-07 17:05:36Z INFO HostContext] Well known directory 'Actions': 'C:\Users\7dnjf\Desktop\오픈소스\HW2\actions-runner\_work\_actions'
[2026-04-07 17:05:36Z INFO ActionManifestManagerLegacy] Loaded action.yml file: {
  "name": "Checkout",
  "description": "Checkout a Git repository at a particular version",
  "inputs": {
    "type": 2,
    "map": [
      {
        "key": {
          "type": 0,
          "file": 2,
          "line": 4,
          "col": 3,
          "lit": "repository"
        },
        "value": {
          "type": 3,
          "file": 2,
          "line": 6,
          "col": 14,
          "expr": "github.repository"
        }
      },
      {
        "key": {
          "type": 0,
          "file": 2,
          "line": 7,
          "col": 3,
          "lit": "ref"
        },
        "value": ""
      },
      {
        "key": {
          "type": 0,
          "file": 2,
          "line": 12,
          "col": 3,
          "lit": "token"
        },
        "value": {
          "type": 3,
          "file": 2,
          "line": 24,
          "col": 14,
          "expr": "github.token"
        }
      },
      {
        "key": {
          "type": 0,
          "file": 2,
          "line": 25,
          "col": 3,
          "lit": "ssh-key"
        },
        "value": ""
      },
      {
        "key": {
          "type": 0,
          "file": 2,
          "line": 37,
          "col": 3,
          "lit": "ssh-known-hosts"
        },
        "value": ""
      },
      {
        "key": {
          "type": 0,
          "file": 2,
          "line": 42,
          "col": 3,
          "lit": "ssh-strict"
        },
        "value": {
          "type": 0,
          "file": 2,
          "line": 47,
          "col": 14,
          "lit": "true"
        }
      },
      {
        "key": {
          "type": 0,
          "file": 2,
          "line": 48,
          "col": 3,
          "lit": "ssh-user"
        },
        "value": {
          "type": 0,
          "file": 2,
          "line": 51,
          "col": 14,
          "lit": "git"
        }
      },
      {
        "key": {
          "type": 0,
          "file": 2,
          "line": 52,
          "col": 3,
          "lit": "persist-credentials"
        },
        "value": {
          "type": 0,
          "file": 2,
          "line": 54,
          "col": 14,
          "lit": "true"
        }
      },
      {
        "key": {
          "type": 0,
          "file": 2,
          "line": 55,
          "col": 3,
          "lit": "path"
        },
        "value": ""
      },
      {
        "key": {
          "type": 0,
          "file": 2,
          "line": 57,
          "col": 3,
          "lit": "clean"
        },
        "value": {
          "type": 0,
          "file": 2,
          "line": 59,
          "col": 14,
          "lit": "true"
        }
      },
      {
        "key": {
          "type": 0,
          "file": 2,
          "line": 60,
          "col": 3,
          "lit": "filter"
        },
        "value": {
          "type": 0,
          "file": 2,
          "line": 64,
          "col": 14,
          "lit": ""
        }
      },
      {
        "key": {
          "type": 0,
          "file": 2,
          "line": 65,
          "col": 3,
          "lit": "sparse-checkout"
        },
        "value": {
          "type": 0,
          "file": 2,
          "line": 69,
          "col": 14,
          "lit": ""
        }
      },
      {
        "key": {
          "type": 0,
          "file": 2,
          "line": 70,
          "col": 3,
          "lit": "sparse-checkout-cone-mode"
        },
        "value": {
          "type": 0,
          "file": 2,
          "line": 73,
          "col": 14,
          "lit": "true"
        }
      },
      {
        "key": {
          "type": 0,
          "file": 2,
          "line": 74,
          "col": 3,
          "lit": "fetch-depth"
        },
        "value": {
          "type": 0,
          "file": 2,
          "line": 76,
          "col": 14,
          "lit": "1"
        }
      },
      {
        "key": {
          "type": 0,
          "file": 2,
          "line": 77,
          "col": 3,
          "lit": "fetch-tags"
        },
        "value": {
          "type": 0,
          "file": 2,
          "line": 79,
          "col": 14,
          "lit": "false"
        }
      },
      {
        "key": {
          "type": 0,
          "file": 2,
          "line": 80,
          "col": 3,
          "lit": "show-progress"
        },
        "value": {
          "type": 0,
          "file": 2,
          "line": 82,
          "col": 14,
          "lit": "true"
        }
      },
      {
        "key": {
          "type": 0,
          "file": 2,
          "line": 83,
          "col": 3,
          "lit": "lfs"
        },
        "value": {
          "type": 0,
          "file": 2,
          "line": 85,
          "col": 14,
          "lit": "false"
        }
      },
      {
        "key": {
          "type": 0,
          "file": 2,
          "line": 86,
          "col": 3,
          "lit": "submodules"
        },
        "value": {
          "type": 0,
          "file": 2,
          "line": 94,
          "col": 14,
          "lit": "false"
        }
      },
      {
        "key": {
          "type": 0,
          "file": 2,
          "line": 95,
          "col": 3,
          "lit": "set-safe-directory"
        },
        "value": {
          "type": 0,
          "file": 2,
          "line": 97,
          "col": 14,
          "lit": "true"
        }
      },
      {
        "key": {
          "type": 0,
          "file": 2,
          "line": 98,
          "col": 3,
          "lit": "github-server-url"
        },
        "value": ""
      }
    ]
  },
  "execution": {
    "executionType": "nodeJS",
    "hasPre": false,
    "hasPost": true,
    "script": "dist/index.js",
    "pre": null,
    "post": "dist/index.js",
    "nodeVersion": "node20",
    "cleanupCondition": "always()",
    "initCondition": "always()"
  },
  "deprecated": null
}
[2026-04-07 17:05:36Z INFO ActionManager] Action pre node.js file: N/A.
[2026-04-07 17:05:36Z INFO ActionManager] Action node.js file: dist/index.js.
[2026-04-07 17:05:36Z INFO ActionManager] Action post node.js file: dist/index.js.
[2026-04-07 17:05:36Z INFO ExecutionContext] Reserve record order 6 to 10 for post job actions.
[2026-04-07 17:05:36Z INFO HostContext] Well known directory 'Bin': 'C:\Users\7dnjf\Desktop\오픈소스\HW2\actions-runner\bin'
[2026-04-07 17:05:36Z INFO HostContext] Well known directory 'Root': 'C:\Users\7dnjf\Desktop\오픈소스\HW2\actions-runner'
[2026-04-07 17:05:36Z INFO HostContext] Well known directory 'Diag': 'C:\Users\7dnjf\Desktop\오픈소스\HW2\actions-runner\_diag'
[2026-04-07 17:05:36Z INFO HostContext] Well known directory 'Bin': 'C:\Users\7dnjf\Desktop\오픈소스\HW2\actions-runner\bin'
[2026-04-07 17:05:36Z INFO HostContext] Well known directory 'Root': 'C:\Users\7dnjf\Desktop\오픈소스\HW2\actions-runner'
[2026-04-07 17:05:36Z INFO HostContext] Well known directory 'Diag': 'C:\Users\7dnjf\Desktop\오픈소스\HW2\actions-runner\_diag'
[2026-04-07 17:05:36Z INFO HostContext] Well known directory 'Bin': 'C:\Users\7dnjf\Desktop\오픈소스\HW2\actions-runner\bin'
[2026-04-07 17:05:36Z INFO HostContext] Well known directory 'Root': 'C:\Users\7dnjf\Desktop\오픈소스\HW2\actions-runner'
[2026-04-07 17:05:36Z INFO HostContext] Well known directory 'Work': 'C:\Users\7dnjf\Desktop\오픈소스\HW2\actions-runner\_work'
[2026-04-07 17:05:36Z INFO HostContext] Well known directory 'Temp': 'C:\Users\7dnjf\Desktop\오픈소스\HW2\actions-runner\_work\_temp'
[2026-04-07 17:05:36Z INFO ExecutionContext] Write event payload to C:\Users\7dnjf\Desktop\오픈소스\HW2\actions-runner\_work\_temp\_github_workflow\event.json
[2026-04-07 17:05:36Z INFO HostContext] Well known directory 'Bin': 'C:\Users\7dnjf\Desktop\오픈소스\HW2\actions-runner\bin'
[2026-04-07 17:05:36Z INFO HostContext] Well known directory 'Root': 'C:\Users\7dnjf\Desktop\오픈소스\HW2\actions-runner'
[2026-04-07 17:05:36Z INFO HostContext] Well known directory 'Work': 'C:\Users\7dnjf\Desktop\오픈소스\HW2\actions-runner\_work'
[2026-04-07 17:05:36Z INFO HostContext] Well known directory 'Temp': 'C:\Users\7dnjf\Desktop\오픈소스\HW2\actions-runner\_work\_temp'
[2026-04-07 17:05:36Z INFO ExtensionManager] Getting extensions for interface: 'GitHub.Runner.Worker.IFileCommandExtension'
[2026-04-07 17:05:36Z INFO ExtensionManager] Creating instance: GitHub.Runner.Worker.AddPathFileCommand, Runner.Worker
[2026-04-07 17:05:36Z INFO ExtensionManager] Creating instance: GitHub.Runner.Worker.SetEnvFileCommand, Runner.Worker
[2026-04-07 17:05:36Z INFO ExtensionManager] Creating instance: GitHub.Runner.Worker.CreateStepSummaryCommand, Runner.Worker
[2026-04-07 17:05:36Z INFO ExtensionManager] Creating instance: GitHub.Runner.Worker.SaveStateFileCommand, Runner.Worker
[2026-04-07 17:05:36Z INFO ExtensionManager] Creating instance: GitHub.Runner.Worker.SetOutputFileCommand, Runner.Worker
[2026-04-07 17:05:36Z INFO ActionManifestManagerLegacy] Input 'repository': default value evaluate result: {
  "type": 0,
  "file": 2,
  "line": 6,
  "col": 14,
  "lit": "7dnjf1/HW2"
}
[2026-04-07 17:05:36Z INFO ActionManifestManagerLegacy] Input 'ref': default value evaluate result: ""
[2026-04-07 17:05:36Z INFO ActionManifestManagerLegacy] Input 'token': default value evaluate result: {
  "type": 0,
  "file": 2,
  "line": 24,
  "col": 14,
  "lit": "***"
}
[2026-04-07 17:05:36Z INFO ActionManifestManagerLegacy] Input 'ssh-key': default value evaluate result: ""
[2026-04-07 17:05:36Z INFO ActionManifestManagerLegacy] Input 'ssh-known-hosts': default value evaluate result: ""
[2026-04-07 17:05:36Z INFO ActionManifestManagerLegacy] Input 'ssh-strict': default value evaluate result: {
  "type": 0,
  "file": 2,
  "line": 47,
  "col": 14,
  "lit": "true"
}
[2026-04-07 17:05:36Z INFO ActionManifestManagerLegacy] Input 'ssh-user': default value evaluate result: {
  "type": 0,
  "file": 2,
  "line": 51,
  "col": 14,
  "lit": "git"
}
[2026-04-07 17:05:36Z INFO ActionManifestManagerLegacy] Input 'persist-credentials': default value evaluate result: {
  "type": 0,
  "file": 2,
  "line": 54,
  "col": 14,
  "lit": "true"
}
[2026-04-07 17:05:36Z INFO ActionManifestManagerLegacy] Input 'path': default value evaluate result: ""
[2026-04-07 17:05:36Z INFO ActionManifestManagerLegacy] Input 'clean': default value evaluate result: {
  "type": 0,
  "file": 2,
  "line": 59,
  "col": 14,
  "lit": "true"
}
[2026-04-07 17:05:36Z INFO ActionManifestManagerLegacy] Input 'filter': default value evaluate result: {
  "type": 0,
  "file": 2,
  "line": 64,
  "col": 14,
  "lit": ""
}
[2026-04-07 17:05:36Z INFO ActionManifestManagerLegacy] Input 'sparse-checkout': default value evaluate result: {
  "type": 0,
  "file": 2,
  "line": 69,
  "col": 14,
  "lit": ""
}
[2026-04-07 17:05:36Z INFO ActionManifestManagerLegacy] Input 'sparse-checkout-cone-mode': default value evaluate result: {
  "type": 0,
  "file": 2,
  "line": 73,
  "col": 14,
  "lit": "true"
}
[2026-04-07 17:05:36Z INFO ActionManifestManagerLegacy] Input 'fetch-depth': default value evaluate result: {
  "type": 0,
  "file": 2,
  "line": 76,
  "col": 14,
  "lit": "1"
}
[2026-04-07 17:05:36Z INFO ActionManifestManagerLegacy] Input 'fetch-tags': default value evaluate result: {
  "type": 0,
  "file": 2,
  "line": 79,
  "col": 14,
  "lit": "false"
}
[2026-04-07 17:05:36Z INFO ActionManifestManagerLegacy] Input 'show-progress': default value evaluate result: {
  "type": 0,
  "file": 2,
  "line": 82,
  "col": 14,
  "lit": "true"
}
[2026-04-07 17:05:36Z INFO ActionManifestManagerLegacy] Input 'lfs': default value evaluate result: {
  "type": 0,
  "file": 2,
  "line": 85,
  "col": 14,
  "lit": "false"
}
[2026-04-07 17:05:36Z INFO ActionManifestManagerLegacy] Input 'submodules': default value evaluate result: {
  "type": 0,
  "file": 2,
  "line": 94,
  "col": 14,
  "lit": "false"
}
[2026-04-07 17:05:36Z INFO ActionManifestManagerLegacy] Input 'set-safe-directory': default value evaluate result: {
  "type": 0,
  "file": 2,
  "line": 97,
  "col": 14,
  "lit": "true"
}
[2026-04-07 17:05:36Z INFO ActionManifestManagerLegacy] Input 'github-server-url': default value evaluate result: ""
[2026-04-07 17:05:36Z INFO ExtensionManager] Getting extensions for interface: 'GitHub.Runner.Worker.IActionCommandExtension'
[2026-04-07 17:05:36Z INFO ExtensionManager] Creating instance: GitHub.Runner.Worker.InternalPluginSetRepoPathCommandExtension, Runner.Worker
[2026-04-07 17:05:36Z INFO ExtensionManager] Creating instance: GitHub.Runner.Worker.SetEnvCommandExtension, Runner.Worker
[2026-04-07 17:05:36Z INFO ExtensionManager] Creating instance: GitHub.Runner.Worker.SetOutputCommandExtension, Runner.Worker
[2026-04-07 17:05:36Z INFO ExtensionManager] Creating instance: GitHub.Runner.Worker.SaveStateCommandExtension, Runner.Worker
[2026-04-07 17:05:36Z INFO ExtensionManager] Creating instance: GitHub.Runner.Worker.AddPathCommandExtension, Runner.Worker
[2026-04-07 17:05:36Z INFO ExtensionManager] Creating instance: GitHub.Runner.Worker.AddMaskCommandExtension, Runner.Worker
[2026-04-07 17:05:36Z INFO ExtensionManager] Creating instance: GitHub.Runner.Worker.AddMatcherCommandExtension, Runner.Worker
[2026-04-07 17:05:36Z INFO ExtensionManager] Creating instance: GitHub.Runner.Worker.RemoveMatcherCommandExtension, Runner.Worker
[2026-04-07 17:05:36Z INFO ExtensionManager] Creating instance: GitHub.Runner.Worker.WarningCommandExtension, Runner.Worker
[2026-04-07 17:05:36Z INFO ExtensionManager] Creating instance: GitHub.Runner.Worker.ErrorCommandExtension, Runner.Worker
[2026-04-07 17:05:36Z INFO ExtensionManager] Creating instance: GitHub.Runner.Worker.NoticeCommandExtension, Runner.Worker
[2026-04-07 17:05:36Z INFO ExtensionManager] Creating instance: GitHub.Runner.Worker.DebugCommandExtension, Runner.Worker
[2026-04-07 17:05:36Z INFO ExtensionManager] Creating instance: GitHub.Runner.Worker.GroupCommandExtension, Runner.Worker
[2026-04-07 17:05:36Z INFO ExtensionManager] Creating instance: GitHub.Runner.Worker.EndGroupCommandExtension, Runner.Worker
[2026-04-07 17:05:36Z INFO ExtensionManager] Creating instance: GitHub.Runner.Worker.EchoCommandExtension, Runner.Worker
[2026-04-07 17:05:36Z INFO ActionCommandManager] Register action command extension for command internal-set-repo-path
[2026-04-07 17:05:36Z INFO ActionCommandManager] Register action command extension for command set-env
[2026-04-07 17:05:36Z INFO ActionCommandManager] Register action command extension for command set-output
[2026-04-07 17:05:36Z INFO ActionCommandManager] Register action command extension for command save-state
[2026-04-07 17:05:36Z INFO ActionCommandManager] Register action command extension for command add-path
[2026-04-07 17:05:36Z INFO ActionCommandManager] Register action command extension for command add-mask
[2026-04-07 17:05:36Z INFO ActionCommandManager] Register action command extension for command add-matcher
[2026-04-07 17:05:36Z INFO ActionCommandManager] Register action command extension for command remove-matcher
[2026-04-07 17:05:36Z INFO ActionCommandManager] Register action command extension for command warning
[2026-04-07 17:05:36Z INFO ActionCommandManager] Register action command extension for command error
[2026-04-07 17:05:36Z INFO ActionCommandManager] Register action command extension for command notice
[2026-04-07 17:05:36Z INFO ActionCommandManager] Register action command extension for command debug
[2026-04-07 17:05:36Z INFO ActionCommandManager] Register action command extension for command group
[2026-04-07 17:05:36Z INFO ActionCommandManager] Register action command extension for command endgroup
[2026-04-07 17:05:36Z INFO ActionCommandManager] Register action command extension for command echo
[2026-04-07 17:05:36Z INFO HostContext] Well known directory 'Bin': 'C:\Users\7dnjf\Desktop\오픈소스\HW2\actions-runner\bin'
[2026-04-07 17:05:36Z INFO HostContext] Well known directory 'Root': 'C:\Users\7dnjf\Desktop\오픈소스\HW2\actions-runner'
[2026-04-07 17:05:36Z INFO HostContext] Well known directory 'Externals': 'C:\Users\7dnjf\Desktop\오픈소스\HW2\actions-runner\externals'
[2026-04-07 17:05:36Z INFO ProcessInvokerWrapper] Starting process:
[2026-04-07 17:05:36Z INFO ProcessInvokerWrapper]   File name: 'C:\Users\7dnjf\Desktop\오픈소스\HW2\actions-runner\externals\node20\bin\node.exe'
[2026-04-07 17:05:36Z INFO ProcessInvokerWrapper]   Arguments: '"C:\Users\7dnjf\Desktop\오픈소스\HW2\actions-runner\_work\_actions\actions\checkout\v4\dist/index.js"'
[2026-04-07 17:05:36Z INFO ProcessInvokerWrapper]   Working directory: 'C:\Users\7dnjf\Desktop\오픈소스\HW2\actions-runner\_work\HW2\HW2'
[2026-04-07 17:05:36Z INFO ProcessInvokerWrapper]   Require exit code zero: 'False'
[2026-04-07 17:05:36Z INFO ProcessInvokerWrapper]   Encoding web name: utf-8 ; code page: '65001'
[2026-04-07 17:05:36Z INFO ProcessInvokerWrapper]   Force kill process on cancellation: 'False'
[2026-04-07 17:05:36Z INFO ProcessInvokerWrapper]   Redirected STDIN: 'False'
[2026-04-07 17:05:36Z INFO ProcessInvokerWrapper]   Persist current code page: 'True'
[2026-04-07 17:05:36Z INFO ProcessInvokerWrapper]   Keep redirected STDIN open: 'False'
[2026-04-07 17:05:36Z INFO ProcessInvokerWrapper]   High priority process: 'False'
[2026-04-07 17:05:36Z INFO ProcessInvokerWrapper] Process started with process id 7440, waiting for process exit.
[2026-04-07 17:05:36Z INFO JobServerQueue] Try to append 1 batches web console lines for record '564f3398-1a5c-4bfa-b254-f2134ed5efd8', success rate: 1/1.
[2026-04-07 17:05:36Z INFO JobServerQueue] Got a step log file to send to results service.
[2026-04-07 17:05:36Z INFO JobServerQueue] Starting upload of step log file to results service ResultsLog, C:\Users\7dnjf\Desktop\오픈소스\HW2\actions-runner\_diag\blocks\fb507e4b-5a58-43cd-94d6-c71ff8fc51d9_8324a055-e106-47dc-8133-c6dcbacd27f6.1
[2026-04-07 17:05:36Z INFO JobServerQueue] Try to upload 1 log files or attachments, success rate: 1/1.
[2026-04-07 17:05:37Z INFO AddMaskCommandExtension] Add new secret mask with length of 76
[2026-04-07 17:05:37Z INFO JobServerQueue] Try to append 1 batches web console lines for record '564f3398-1a5c-4bfa-b254-f2134ed5efd8', success rate: 1/1.
[2026-04-07 17:05:37Z INFO JobServerQueue] Try to append 1 batches web console lines for record '564f3398-1a5c-4bfa-b254-f2134ed5efd8', success rate: 1/1.
[2026-04-07 17:05:38Z INFO JobServerQueue] Tried to upload 1 file(s) to results, success rate: 1/1.
[2026-04-07 17:05:38Z INFO JobServerQueue] Try to append 1 batches web console lines for record '564f3398-1a5c-4bfa-b254-f2134ed5efd8', success rate: 1/1.
[2026-04-07 17:05:38Z INFO JobServerQueue] Try to append 1 batches web console lines for record '564f3398-1a5c-4bfa-b254-f2134ed5efd8', success rate: 1/1.
[2026-04-07 17:05:39Z INFO JobServerQueue] Try to append 1 batches web console lines for record '564f3398-1a5c-4bfa-b254-f2134ed5efd8', success rate: 1/1.
[2026-04-07 17:05:40Z INFO JobServerQueue] Try to append 1 batches web console lines for record '564f3398-1a5c-4bfa-b254-f2134ed5efd8', success rate: 1/1.
[2026-04-07 17:05:40Z INFO JobServerQueue] Try to append 1 batches web console lines for record '564f3398-1a5c-4bfa-b254-f2134ed5efd8', success rate: 1/1.
[2026-04-07 17:05:41Z INFO JobServerQueue] Try to append 1 batches web console lines for record '564f3398-1a5c-4bfa-b254-f2134ed5efd8', success rate: 1/1.
[2026-04-07 17:05:45Z INFO JobServerQueue] Try to append 1 batches web console lines for record '564f3398-1a5c-4bfa-b254-f2134ed5efd8', success rate: 1/1.
[2026-04-07 17:05:46Z INFO HostContext] Well known directory 'Bin': 'C:\Users\7dnjf\Desktop\오픈소스\HW2\actions-runner\bin'
[2026-04-07 17:05:46Z INFO HostContext] Well known directory 'Root': 'C:\Users\7dnjf\Desktop\오픈소스\HW2\actions-runner'
[2026-04-07 17:05:46Z INFO HostContext] Well known directory 'Work': 'C:\Users\7dnjf\Desktop\오픈소스\HW2\actions-runner\_work'
[2026-04-07 17:05:56Z INFO JobServerQueue] Try to append 1 batches web console lines for record '564f3398-1a5c-4bfa-b254-f2134ed5efd8', success rate: 1/1.
[2026-04-07 17:05:56Z INFO HostContext] Well known directory 'Bin': 'C:\Users\7dnjf\Desktop\오픈소스\HW2\actions-runner\bin'
[2026-04-07 17:05:56Z INFO HostContext] Well known directory 'Root': 'C:\Users\7dnjf\Desktop\오픈소스\HW2\actions-runner'
[2026-04-07 17:05:56Z INFO HostContext] Well known directory 'Work': 'C:\Users\7dnjf\Desktop\오픈소스\HW2\actions-runner\_work'
[2026-04-07 17:06:00Z INFO JobServerQueue] Try to append 1 batches web console lines for record '564f3398-1a5c-4bfa-b254-f2134ed5efd8', success rate: 1/1.
[2026-04-07 17:06:01Z INFO JobServerQueue] Try to append 1 batches web console lines for record '564f3398-1a5c-4bfa-b254-f2134ed5efd8', success rate: 1/1.
[2026-04-07 17:06:01Z INFO ProcessInvokerWrapper] STDOUT/STDERR stream read finished.
[2026-04-07 17:06:01Z INFO ProcessInvokerWrapper] STDOUT/STDERR stream read finished.
[2026-04-07 17:06:01Z INFO ProcessInvokerWrapper] Finished process 7440 with exit code 0, and elapsed time 00:00:25.3120784.
[2026-04-07 17:06:01Z INFO CreateStepSummaryCommand] Step Summary file (C:\Users\7dnjf\Desktop\오픈소스\HW2\actions-runner\_work\_temp\_runner_file_commands\step_summary_efa67f1f-b30d-4df0-a911-5dba01985141) is empty; skipping attachment upload
[2026-04-07 17:06:01Z INFO StepsRunner] Step result: 
[2026-04-07 17:06:01Z INFO ExecutionContext] Publish step telemetry for current step {
  "action": "actions/checkout",
  "ref": "v4",
  "type": "node20",
  "stage": "Main",
  "stepId": "564f3398-1a5c-4bfa-b254-f2134ed5efd8",
  "stepContextName": "__actions_checkout",
  "hasPreStep": false,
  "hasPostStep": true,
  "result": "succeeded",
  "errorMessages": [
    "RPC failed; curl 56 Recv failure: Connection was reset",
    "2821 bytes of body are still expected",
    "early EOF"
  ],
  "executionTimeInSeconds": 26,
  "startTime": "2026-04-07T17:05:36.3202671Z",
  "finishTime": "2026-04-07T17:06:01.7390484Z"
}.
[2026-04-07 17:06:01Z INFO StepsRunner] No need for updating job result with current step result 'Succeeded'.
[2026-04-07 17:06:01Z INFO StepsRunner] Current state: job state = ''
[2026-04-07 17:06:01Z INFO StepsRunner] Processing step: DisplayName='Login to Docker Hub'
[2026-04-07 17:06:01Z INFO StepsRunner] Evaluating: (success() && (github.event_name != 'pull_request'))
[2026-04-07 17:06:01Z INFO StepsRunner] Expanded: (true && ('push' != 'pull_request'))
[2026-04-07 17:06:01Z INFO StepsRunner] Result: true
[2026-04-07 17:06:01Z INFO StepsRunner] Starting the step.
[2026-04-07 17:06:01Z INFO HostContext] Well known directory 'Bin': 'C:\Users\7dnjf\Desktop\오픈소스\HW2\actions-runner\bin'
[2026-04-07 17:06:01Z INFO HostContext] Well known directory 'Root': 'C:\Users\7dnjf\Desktop\오픈소스\HW2\actions-runner'
[2026-04-07 17:06:01Z INFO HostContext] Well known directory 'Work': 'C:\Users\7dnjf\Desktop\오픈소스\HW2\actions-runner\_work'
[2026-04-07 17:06:01Z INFO StepsRunner] Which2: 'chcp'
[2026-04-07 17:06:01Z INFO StepsRunner] Location: 'C:\Windows\system32\chcp.COM'
[2026-04-07 17:06:01Z INFO ProcessInvokerWrapper] Starting process:
[2026-04-07 17:06:01Z INFO ProcessInvokerWrapper]   File name: 'C:\Windows\system32\chcp.COM'
[2026-04-07 17:06:01Z INFO ProcessInvokerWrapper]   Arguments: '65001'
[2026-04-07 17:06:01Z INFO ProcessInvokerWrapper]   Working directory: 'C:\Users\7dnjf\Desktop\오픈소스\HW2\actions-runner\_work'
[2026-04-07 17:06:01Z INFO ProcessInvokerWrapper]   Require exit code zero: 'False'
[2026-04-07 17:06:01Z INFO ProcessInvokerWrapper]   Encoding web name:  ; code page: ''
[2026-04-07 17:06:01Z INFO ProcessInvokerWrapper]   Force kill process on cancellation: 'False'
[2026-04-07 17:06:01Z INFO ProcessInvokerWrapper]   Redirected STDIN: 'False'
[2026-04-07 17:06:01Z INFO ProcessInvokerWrapper]   Persist current code page: 'True'
[2026-04-07 17:06:01Z INFO ProcessInvokerWrapper]   Keep redirected STDIN open: 'False'
[2026-04-07 17:06:01Z INFO ProcessInvokerWrapper]   High priority process: 'False'
[2026-04-07 17:06:01Z INFO ProcessInvokerWrapper] Process started with process id 21956, waiting for process exit.
[2026-04-07 17:06:01Z INFO ProcessInvokerWrapper] STDOUT/STDERR stream read finished.
[2026-04-07 17:06:01Z INFO ProcessInvokerWrapper] STDOUT/STDERR stream read finished.
[2026-04-07 17:06:01Z INFO ProcessInvokerWrapper] Finished process 21956 with exit code 0, and elapsed time 00:00:00.0128227.
[2026-04-07 17:06:01Z INFO StepsRunner] Successfully returned to code page 65001 (UTF8)
[2026-04-07 17:06:01Z INFO HostContext] Well known directory 'Bin': 'C:\Users\7dnjf\Desktop\오픈소스\HW2\actions-runner\bin'
[2026-04-07 17:06:01Z INFO HostContext] Well known directory 'Root': 'C:\Users\7dnjf\Desktop\오픈소스\HW2\actions-runner'
[2026-04-07 17:06:01Z INFO HostContext] Well known directory 'Work': 'C:\Users\7dnjf\Desktop\오픈소스\HW2\actions-runner\_work'
[2026-04-07 17:06:01Z INFO HostContext] Well known directory 'Temp': 'C:\Users\7dnjf\Desktop\오픈소스\HW2\actions-runner\_work\_temp'
[2026-04-07 17:06:01Z INFO ExecutionContext] Write event payload to C:\Users\7dnjf\Desktop\오픈소스\HW2\actions-runner\_work\_temp\_github_workflow\event.json
[2026-04-07 17:06:01Z INFO HostContext] Well known directory 'Bin': 'C:\Users\7dnjf\Desktop\오픈소스\HW2\actions-runner\bin'
[2026-04-07 17:06:01Z INFO HostContext] Well known directory 'Root': 'C:\Users\7dnjf\Desktop\오픈소스\HW2\actions-runner'
[2026-04-07 17:06:01Z INFO HostContext] Well known directory 'Work': 'C:\Users\7dnjf\Desktop\오픈소스\HW2\actions-runner\_work'
[2026-04-07 17:06:01Z INFO HostContext] Well known directory 'Temp': 'C:\Users\7dnjf\Desktop\오픈소스\HW2\actions-runner\_work\_temp'
[2026-04-07 17:06:01Z INFO ExtensionManager] Getting extensions for interface: 'GitHub.Runner.Worker.IFileCommandExtension'
[2026-04-07 17:06:01Z INFO ExtensionManager] Getting extensions for interface: 'GitHub.Runner.Worker.IActionCommandExtension'
[2026-04-07 17:06:01Z INFO ActionCommandManager] Register action command extension for command internal-set-repo-path
[2026-04-07 17:06:01Z INFO ActionCommandManager] Register action command extension for command set-env
[2026-04-07 17:06:01Z INFO ActionCommandManager] Register action command extension for command set-output
[2026-04-07 17:06:01Z INFO ActionCommandManager] Register action command extension for command save-state
[2026-04-07 17:06:01Z INFO ActionCommandManager] Register action command extension for command add-path
[2026-04-07 17:06:01Z INFO ActionCommandManager] Register action command extension for command add-mask
[2026-04-07 17:06:01Z INFO ActionCommandManager] Register action command extension for command add-matcher
[2026-04-07 17:06:01Z INFO ActionCommandManager] Register action command extension for command remove-matcher
[2026-04-07 17:06:01Z INFO ActionCommandManager] Register action command extension for command warning
[2026-04-07 17:06:01Z INFO ActionCommandManager] Register action command extension for command error
[2026-04-07 17:06:01Z INFO ActionCommandManager] Register action command extension for command notice
[2026-04-07 17:06:01Z INFO ActionCommandManager] Register action command extension for command debug
[2026-04-07 17:06:01Z INFO ActionCommandManager] Register action command extension for command group
[2026-04-07 17:06:01Z INFO ActionCommandManager] Register action command extension for command endgroup
[2026-04-07 17:06:01Z INFO ActionCommandManager] Register action command extension for command echo
[2026-04-07 17:06:01Z INFO ScriptHandler] Which2: 'pwsh'
[2026-04-07 17:06:01Z INFO ScriptHandler] pwsh: command not found. Make sure 'pwsh' is installed and its location included in the 'Path' environment variable.
[2026-04-07 17:06:01Z INFO ScriptHandler] Defaulting to powershell
[2026-04-07 17:06:01Z INFO ScriptHandler] Which2: 'powershell'
[2026-04-07 17:06:01Z INFO ScriptHandler] Location: 'C:\Windows\System32\WindowsPowerShell\v1.0\powershell.EXE'
[2026-04-07 17:06:01Z INFO HostContext] Well known directory 'Bin': 'C:\Users\7dnjf\Desktop\오픈소스\HW2\actions-runner\bin'
[2026-04-07 17:06:01Z INFO HostContext] Well known directory 'Root': 'C:\Users\7dnjf\Desktop\오픈소스\HW2\actions-runner'
[2026-04-07 17:06:01Z INFO HostContext] Well known directory 'Work': 'C:\Users\7dnjf\Desktop\오픈소스\HW2\actions-runner\_work'
[2026-04-07 17:06:01Z INFO HostContext] Well known directory 'Temp': 'C:\Users\7dnjf\Desktop\오픈소스\HW2\actions-runner\_work\_temp'
[2026-04-07 17:06:01Z INFO ScriptHandler] Which2: 'pwsh'
[2026-04-07 17:06:01Z INFO ScriptHandler] pwsh: command not found. Make sure 'pwsh' is installed and its location included in the 'Path' environment variable.
[2026-04-07 17:06:01Z INFO ScriptHandler] Defaulting to powershell
[2026-04-07 17:06:01Z INFO ScriptHandler] Which2: 'powershell'
[2026-04-07 17:06:01Z INFO ScriptHandler] Location: 'C:\Windows\System32\WindowsPowerShell\v1.0\powershell.EXE'
[2026-04-07 17:06:01Z INFO ProcessInvokerWrapper] Starting process:
[2026-04-07 17:06:01Z INFO ProcessInvokerWrapper]   File name: 'C:\Windows\System32\WindowsPowerShell\v1.0\powershell.EXE'
[2026-04-07 17:06:01Z INFO ProcessInvokerWrapper]   Arguments: '-command ". 'C:\Users\7dnjf\Desktop\오픈소스\HW2\actions-runner\_work\_temp\fa9b636b-55f9-42bf-a41a-b12f833d020e.ps1'"'
[2026-04-07 17:06:01Z INFO ProcessInvokerWrapper]   Working directory: 'C:\Users\7dnjf\Desktop\오픈소스\HW2\actions-runner\_work\HW2\HW2'
[2026-04-07 17:06:01Z INFO ProcessInvokerWrapper]   Require exit code zero: 'False'
[2026-04-07 17:06:01Z INFO ProcessInvokerWrapper]   Encoding web name:  ; code page: ''
[2026-04-07 17:06:01Z INFO ProcessInvokerWrapper]   Force kill process on cancellation: 'False'
[2026-04-07 17:06:01Z INFO ProcessInvokerWrapper]   Redirected STDIN: 'False'
[2026-04-07 17:06:01Z INFO ProcessInvokerWrapper]   Persist current code page: 'True'
[2026-04-07 17:06:01Z INFO ProcessInvokerWrapper]   Keep redirected STDIN open: 'False'
[2026-04-07 17:06:01Z INFO ProcessInvokerWrapper]   High priority process: 'False'
[2026-04-07 17:06:01Z INFO ProcessInvokerWrapper] Process started with process id 13936, waiting for process exit.
[2026-04-07 17:06:01Z INFO ProcessChannel] Receiving message of length 0, with hash 'e3b0c44298fc1c149afbf4c8996fb92427ae41e4649b934ca495991b7852b855'
[2026-04-07 17:06:01Z INFO Worker] Cancellation/Shutdown message received.
[2026-04-07 17:06:01Z INFO HostContext] Runner will be shutdown for UserCancelled
[2026-04-07 17:06:01Z INFO StepsRunner] Cancel current running step.
[2026-04-07 17:06:01Z INFO ProcessInvokerWrapper] Sending CTRL_C to process 13936.
[2026-04-07 17:06:01Z INFO ProcessInvokerWrapper] Successfully send CTRL_C to process 13936.
[2026-04-07 17:06:01Z INFO ProcessInvokerWrapper] Ignore Ctrl+C to current process.
[2026-04-07 17:06:01Z INFO ProcessInvokerWrapper] Waiting for process exit or 7.5 seconds after CTRL_C signal fired.
[2026-04-07 17:06:01Z INFO ProcessInvokerWrapper] STDOUT/STDERR stream read finished.
[2026-04-07 17:06:01Z INFO ProcessInvokerWrapper] STDOUT/STDERR stream read finished.
[2026-04-07 17:06:01Z INFO ProcessInvokerWrapper] Process exit successfully.
[2026-04-07 17:06:01Z INFO ProcessInvokerWrapper] Process cancelled successfully through Ctrl+C/SIGINT.
[2026-04-07 17:06:01Z INFO ProcessInvokerWrapper] Process Cancellation finished.
[2026-04-07 17:06:01Z INFO ProcessInvokerWrapper] Finished process 13936 with exit code -1073741510, and elapsed time 00:00:00.0644713.
[2026-04-07 17:06:01Z INFO CreateStepSummaryCommand] Step Summary file (C:\Users\7dnjf\Desktop\오픈소스\HW2\actions-runner\_work\_temp\_runner_file_commands\step_summary_171012e3-c4bc-41ba-8476-7cf7e2d94b4f) is empty; skipping attachment upload
[2026-04-07 17:06:01Z ERR  StepsRunner] Caught cancellation exception from step: System.OperationCanceledException: The operation was canceled.
   at System.Threading.CancellationToken.ThrowOperationCanceledException()
   at GitHub.Runner.Sdk.ProcessInvoker.ExecuteAsync(String workingDirectory, String fileName, String arguments, IDictionary`2 environment, Boolean requireExitCodeZero, Encoding outputEncoding, Boolean killProcessOnCancel, Channel`1 redirectStandardIn, Boolean inheritConsoleHandler, Boolean keepStandardInOpen, Boolean highPriorityProcess, CancellationToken cancellationToken)
   at GitHub.Runner.Common.ProcessInvokerWrapper.ExecuteAsync(String workingDirectory, String fileName, String arguments, IDictionary`2 environment, Boolean requireExitCodeZero, Encoding outputEncoding, Boolean killProcessOnCancel, Channel`1 redirectStandardIn, Boolean inheritConsoleHandler, Boolean keepStandardInOpen, Boolean highPriorityProcess, CancellationToken cancellationToken)
   at GitHub.Runner.Worker.Handlers.DefaultStepHost.ExecuteAsync(IExecutionContext context, String workingDirectory, String fileName, String arguments, IDictionary`2 environment, Boolean requireExitCodeZero, Encoding outputEncoding, Boolean killProcessOnCancel, Boolean inheritConsoleHandler, String standardInInput, CancellationToken cancellationToken)
   at GitHub.Runner.Worker.Handlers.ScriptHandler.RunAsync(ActionRunStage stage)
   at GitHub.Runner.Worker.ActionRunner.RunAsync()
   at GitHub.Runner.Worker.StepsRunner.RunStepAsync(IStep step, CancellationToken jobCancellationToken)
[2026-04-07 17:06:01Z INFO StepsRunner] Step result: Canceled
[2026-04-07 17:06:01Z INFO ExecutionContext] Publish step telemetry for current step {
  "action": "powershell",
  "type": "run",
  "stage": "Main",
  "stepId": "4fddb1d0-9d27-44e7-999e-049ebcbd83c7",
  "stepContextName": "__run",
  "result": "canceled",
  "errorMessages": [
    "The operation was canceled."
  ],
  "executionTimeInSeconds": 1,
  "startTime": "2026-04-07T17:06:01.7406636Z",
  "finishTime": "2026-04-07T17:06:01.8917725Z"
}.
[2026-04-07 17:06:01Z INFO StepsRunner] No need for updating job result with current step result 'Canceled'.
[2026-04-07 17:06:01Z INFO StepsRunner] Current state: job state = 'Failed'
[2026-04-07 17:06:01Z INFO StepsRunner] Processing step: DisplayName='Build and Push Docker Image'
[2026-04-07 17:06:01Z INFO StepsRunner] Skipping step due to condition evaluation.
[2026-04-07 17:06:01Z INFO StepsRunner] No need for updating job result with current step result 'Skipped'.
[2026-04-07 17:06:01Z INFO StepsRunner] Current state: job state = 'Failed'
[2026-04-07 17:06:01Z INFO StepsRunner] Processing step: DisplayName='Deploy Local API Server'
[2026-04-07 17:06:01Z INFO StepsRunner] Skipping step due to condition evaluation.
[2026-04-07 17:06:01Z INFO StepsRunner] No need for updating job result with current step result 'Skipped'.
[2026-04-07 17:06:01Z INFO StepsRunner] Current state: job state = 'Failed'
[2026-04-07 17:06:01Z INFO StepsRunner] Processing step: DisplayName='Post Checkout Code'
[2026-04-07 17:06:01Z INFO StepsRunner] Skipping step due to condition evaluation.
[2026-04-07 17:06:01Z INFO StepsRunner] No need for updating job result with current step result 'Skipped'.
[2026-04-07 17:06:01Z INFO StepsRunner] Current state: job state = 'Failed'
[2026-04-07 17:06:01Z INFO JobRunner] Finalize job.
[2026-04-07 17:06:01Z INFO HostContext] Well known directory 'Bin': 'C:\Users\7dnjf\Desktop\오픈소스\HW2\actions-runner\bin'
[2026-04-07 17:06:01Z INFO HostContext] Well known directory 'Root': 'C:\Users\7dnjf\Desktop\오픈소스\HW2\actions-runner'
[2026-04-07 17:06:01Z INFO HostContext] Well known directory 'Diag': 'C:\Users\7dnjf\Desktop\오픈소스\HW2\actions-runner\_diag'
[2026-04-07 17:06:01Z INFO HostContext] Well known directory 'Bin': 'C:\Users\7dnjf\Desktop\오픈소스\HW2\actions-runner\bin'
[2026-04-07 17:06:01Z INFO HostContext] Well known directory 'Root': 'C:\Users\7dnjf\Desktop\오픈소스\HW2\actions-runner'
[2026-04-07 17:06:01Z INFO HostContext] Well known directory 'Diag': 'C:\Users\7dnjf\Desktop\오픈소스\HW2\actions-runner\_diag'
[2026-04-07 17:06:01Z INFO JobExtension] Initialize Env context
[2026-04-07 17:06:01Z INFO JobExtension] Initialize steps context
[2026-04-07 17:06:01Z INFO JobExtension] Total accessible running process: 273.
[2026-04-07 17:06:01Z INFO JobExtension] Inspecting process environment variables. PID: 3032 (dllhost)
[2026-04-07 17:06:01Z INFO JobServerQueue] Try to append 1 batches web console lines for record '564f3398-1a5c-4bfa-b254-f2134ed5efd8', success rate: 1/1.
[2026-04-07 17:06:01Z INFO JobServerQueue] Try to append 1 batches web console lines for record '4fddb1d0-9d27-44e7-999e-049ebcbd83c7', success rate: 1/1.
[2026-04-07 17:06:01Z INFO JobServerQueue] Try to append 1 batches web console lines for record '75ed80f1-ab1c-5591-b3f8-a65cad3db660', success rate: 1/1.
[2026-04-07 17:06:01Z INFO JobServerQueue] Try to append 1 batches web console lines for record 'ffab5a17-02c7-4cf2-9b63-992255b7dbc3', success rate: 1/1.
[2026-04-07 17:06:01Z INFO JobExtension] Inspecting process environment variables. PID: 6360 (Antigravity)
[2026-04-07 17:06:01Z WARN JobExtension] Ignore exception during read process environment variables: Cannot process request because the process (6360) has exited.
[2026-04-07 17:06:01Z INFO JobExtension] Wait for all connectivity checks to finish.
[2026-04-07 17:06:01Z INFO JobExtension] Connectivity check result: GitHub.Runner.Worker.JobExtension+CheckResult
[2026-04-07 17:06:01Z INFO JobExtension] Connectivity check result: GitHub.Runner.Worker.JobExtension+CheckResult
[2026-04-07 17:06:01Z INFO JobExtension] Connectivity check result: GitHub.Runner.Worker.JobExtension+CheckResult
[2026-04-07 17:06:01Z INFO ExecutionContext] Publish step telemetry for current step {
  "action": "complete_job",
  "type": "runner",
  "stage": "Post",
  "stepId": "ffab5a17-02c7-4cf2-9b63-992255b7dbc3",
  "result": "succeeded",
  "errorMessages": [
    "Node.js 20 actions are deprecated. The following actions are running on Node.js 20 and may not work as expected: actions/checkout@v4. Actions will be forced to run with Node.js 24 by default starting June 2nd, 2026. Node.js 20 will be removed from the runn"
  ],
  "executionTimeInSeconds": 1,
  "startTime": "2026-04-07T17:06:01.9015565Z",
  "finishTime": "2026-04-07T17:06:01.9512599Z"
}.
[2026-04-07 17:06:01Z INFO JobRunner] Job result after all job steps finish: Failed
[2026-04-07 17:06:01Z INFO JobRunner] Completing the job execution context.
[2026-04-07 17:06:01Z INFO JobRunner] Shutting down the job server queue.
[2026-04-07 17:06:01Z INFO JobServerQueue] Fire signal to shutdown all queues.
[2026-04-07 17:06:02Z INFO JobServerQueue] All queue process task stopped.
[2026-04-07 17:06:02Z INFO JobServerQueue] Try to append 1 batches web console lines for record 'ffab5a17-02c7-4cf2-9b63-992255b7dbc3', success rate: 1/1.
[2026-04-07 17:06:02Z INFO JobServerQueue] Web console line queue drained.
[2026-04-07 17:06:02Z INFO JobServerQueue] Uploading 4 files in one shot.
[2026-04-07 17:06:02Z INFO JobServerQueue] Try to upload 4 log files or attachments, success rate: 4/4.
[2026-04-07 17:06:02Z INFO JobServerQueue] File upload queue drained.
[2026-04-07 17:06:02Z INFO JobServerQueue] Starting results-based upload queue...
[2026-04-07 17:06:02Z INFO JobServerQueue] Uploading 4 file(s) in one shot through results service.
[2026-04-07 17:06:02Z INFO JobServerQueue] Got a step log file to send to results service.
[2026-04-07 17:06:02Z INFO JobServerQueue] Starting upload of step log file to results service ResultsLog, C:\Users\7dnjf\Desktop\오픈소스\HW2\actions-runner\_diag\blocks\fb507e4b-5a58-43cd-94d6-c71ff8fc51d9_564f3398-1a5c-4bfa-b254-f2134ed5efd8.1
[2026-04-07 17:06:03Z INFO JobServerQueue] Got a step log file to send to results service.
[2026-04-07 17:06:03Z INFO JobServerQueue] Starting upload of step log file to results service ResultsLog, C:\Users\7dnjf\Desktop\오픈소스\HW2\actions-runner\_diag\blocks\fb507e4b-5a58-43cd-94d6-c71ff8fc51d9_4fddb1d0-9d27-44e7-999e-049ebcbd83c7.1
[2026-04-07 17:06:04Z INFO JobServerQueue] Got a step log file to send to results service.
[2026-04-07 17:06:04Z INFO JobServerQueue] Starting upload of step log file to results service ResultsLog, C:\Users\7dnjf\Desktop\오픈소스\HW2\actions-runner\_diag\blocks\fb507e4b-5a58-43cd-94d6-c71ff8fc51d9_ffab5a17-02c7-4cf2-9b63-992255b7dbc3.1
[2026-04-07 17:06:05Z INFO JobServerQueue] Got a job log file to send to results service.
[2026-04-07 17:06:05Z INFO JobServerQueue] Starting upload of job log file to results service ResultsLog, C:\Users\7dnjf\Desktop\오픈소스\HW2\actions-runner\_diag\blocks\fb507e4b-5a58-43cd-94d6-c71ff8fc51d9_75ed80f1-ab1c-5591-b3f8-a65cad3db660.1
[2026-04-07 17:06:06Z INFO JobServerQueue] Tried to upload 4 file(s) to results, success rate: 4/4.
[2026-04-07 17:06:06Z INFO JobServerQueue] Results upload queue drained.
[2026-04-07 17:06:07Z INFO JobServerQueue] Timeline update queue drained.
[2026-04-07 17:06:07Z INFO JobServerQueue] Disposing job server ...
[2026-04-07 17:06:07Z INFO JobServerQueue] Disposing results server ...
[2026-04-07 17:06:07Z INFO JobServerQueue] All queue process tasks have been stopped, and all queues are drained.
[2026-04-07 17:06:07Z INFO TempDirectoryManager] Cleaning runner temp folder: C:\Users\7dnjf\Desktop\오픈소스\HW2\actions-runner\_work\_temp
[2026-04-07 17:06:07Z INFO HostContext] Well known directory 'Bin': 'C:\Users\7dnjf\Desktop\오픈소스\HW2\actions-runner\bin'
[2026-04-07 17:06:07Z INFO HostContext] Well known directory 'Root': 'C:\Users\7dnjf\Desktop\오픈소스\HW2\actions-runner'
[2026-04-07 17:06:07Z INFO HostContext] Well known directory 'Diag': 'C:\Users\7dnjf\Desktop\오픈소스\HW2\actions-runner\_diag'
[2026-04-07 17:06:07Z INFO HostContext] Well known config file 'Telemetry': 'C:\Users\7dnjf\Desktop\오픈소스\HW2\actions-runner\_diag\.telemetry'
[2026-04-07 17:06:07Z INFO JobRunner] Raising job completed against run service
